mean_fit_time,std_fit_time,mean_score_time,std_score_time,param_clf__colsample_bytree,param_clf__learning_rate,param_clf__max_depth,param_clf__reg_lambda,param_clf__subsample,params,split0_test_score,split1_test_score,split2_test_score,split3_test_score,split4_test_score,mean_test_score,std_test_score,rank_test_score
0.3676520824432373,0.3596429335452638,0.03916721343994141,0.010817317234601252,0.6,0.001,1,1.0,0.6,"{'clf__colsample_bytree': 0.6, 'clf__learning_rate': 0.001, 'clf__max_depth': 1, 'clf__reg_lambda': 1.0, 'clf__subsample': 0.6}",0.3953488372093023,0.5116279069767442,0.5,0.5476190476190477,0.5238095238095238,0.4956810631229236,0.05258949540648871,148
0.2357034683227539,0.14654650392881888,0.05682640075683594,0.021649621159790276,0.6,0.001,1,1.0,1.0,"{'clf__colsample_bytree': 0.6, 'clf__learning_rate': 0.001, 'clf__max_depth': 1, 'clf__reg_lambda': 1.0, 'clf__subsample': 1.0}",0.46511627906976744,0.5348837209302325,0.5,0.5476190476190477,0.5714285714285714,0.5238095238095237,0.03733335067782408,57
0.6346642971038818,0.7423112511500473,0.034654760360717775,0.010041517375506721,0.6,0.001,1,10.0,0.6,"{'clf__colsample_bytree': 0.6, 'clf__learning_rate': 0.001, 'clf__max_depth': 1, 'clf__reg_lambda': 10.0, 'clf__subsample': 0.6}",0.37209302325581395,0.5116279069767442,0.5,0.5714285714285714,0.5,0.49102990033222593,0.06510780336730013,152
0.34340991973876955,0.2893548631792573,0.035472440719604495,0.004603832222053459,0.6,0.001,1,10.0,1.0,"{'clf__colsample_bytree': 0.6, 'clf__learning_rate': 0.001, 'clf__max_depth': 1, 'clf__reg_lambda': 10.0, 'clf__subsample': 1.0}",0.46511627906976744,0.5116279069767442,0.5476190476190477,0.5,0.5,0.5048726467331118,0.026461075079500317,116
0.9961006164550781,1.4270203044119485,0.027136611938476562,0.005844732470630032,0.6,0.001,1,100.0,0.6,"{'clf__colsample_bytree': 0.6, 'clf__learning_rate': 0.001, 'clf__max_depth': 1, 'clf__reg_lambda': 100.0, 'clf__subsample': 0.6}",0.3953488372093023,0.4883720930232558,0.5,0.5714285714285714,0.5,0.49102990033222593,0.056190393253976165,152
0.6953415870666504,0.7527424278804915,0.027470159530639648,0.006076672040004233,0.6,0.001,1,100.0,1.0,"{'clf__colsample_bytree': 0.6, 'clf__learning_rate': 0.001, 'clf__max_depth': 1, 'clf__reg_lambda': 100.0, 'clf__subsample': 1.0}",0.46511627906976744,0.5116279069767442,0.5476190476190477,0.5,0.5,0.5048726467331118,0.026461075079500317,116
0.4350882530212402,0.44322454380835435,0.02285423278808594,0.003902537988591675,0.6,0.001,2,1.0,0.6,"{'clf__colsample_bytree': 0.6, 'clf__learning_rate': 0.001, 'clf__max_depth': 2, 'clf__reg_lambda': 1.0, 'clf__subsample': 0.6}",0.4186046511627907,0.5348837209302325,0.5476190476190477,0.5952380952380952,0.5476190476190477,0.5287929125138427,0.05882577652694619,32
0.5181371688842773,0.4715090244863213,0.02613940238952637,0.006704203439624664,0.6,0.001,2,1.0,1.0,"{'clf__colsample_bytree': 0.6, 'clf__learning_rate': 0.001, 'clf__max_depth': 2, 'clf__reg_lambda': 1.0, 'clf__subsample': 1.0}",0.3953488372093023,0.5581395348837209,0.5714285714285714,0.6190476190476191,0.5,0.5287929125138427,0.07676104318210517,32
0.7593218803405761,1.0382432269485076,0.028497982025146484,0.005879132587551887,0.6,0.001,2,10.0,0.6,"{'clf__colsample_bytree': 0.6, 'clf__learning_rate': 0.001, 'clf__max_depth': 2, 'clf__reg_lambda': 10.0, 'clf__subsample': 0.6}",0.4186046511627907,0.4883720930232558,0.5238095238095238,0.6190476190476191,0.5,0.5099667774086379,0.06481196926242473,87
0.7829906940460205,0.7655296244371171,0.02033572196960449,0.003020423248276725,0.6,0.001,2,10.0,1.0,"{'clf__colsample_bytree': 0.6, 'clf__learning_rate': 0.001, 'clf__max_depth': 2, 'clf__reg_lambda': 10.0, 'clf__subsample': 1.0}",0.4186046511627907,0.5116279069767442,0.5714285714285714,0.5952380952380952,0.5,0.5193798449612403,0.061733061936517085,62
1.5675873279571533,2.0100463463860505,0.024027490615844728,0.0031793658617018682,0.6,0.001,2,100.0,0.6,"{'clf__colsample_bytree': 0.6, 'clf__learning_rate': 0.001, 'clf__max_depth': 2, 'clf__reg_lambda': 100.0, 'clf__subsample': 0.6}",0.4418604651162791,0.4883720930232558,0.5952380952380952,0.6190476190476191,0.5,0.5289036544850498,0.0672025861253673,24
2.1012469291687013,1.7335767483805216,0.02336750030517578,0.005534633589373633,0.6,0.001,2,100.0,1.0,"{'clf__colsample_bytree': 0.6, 'clf__learning_rate': 0.001, 'clf__max_depth': 2, 'clf__reg_lambda': 100.0, 'clf__subsample': 1.0}",0.4418604651162791,0.5116279069767442,0.5476190476190477,0.5476190476190477,0.5,0.5097452934662238,0.03892481831873172,98
0.3867173671722412,0.45776354769706035,0.03056478500366211,0.004824646123897592,0.6,0.001,3,1.0,0.6,"{'clf__colsample_bytree': 0.6, 'clf__learning_rate': 0.001, 'clf__max_depth': 3, 'clf__reg_lambda': 1.0, 'clf__subsample': 0.6}",0.46511627906976744,0.46511627906976744,0.5238095238095238,0.5952380952380952,0.5714285714285714,0.5241417497231451,0.053401978611929954,46
0.8733333587646485,0.8557817454468674,0.026562070846557616,0.0035537867368675606,0.6,0.001,3,1.0,1.0,"{'clf__colsample_bytree': 0.6, 'clf__learning_rate': 0.001, 'clf__max_depth': 3, 'clf__reg_lambda': 1.0, 'clf__subsample': 1.0}",0.4186046511627907,0.4883720930232558,0.6190476190476191,0.6666666666666666,0.5,0.5385382059800665,0.09086754955523502,13
0.9567338466644287,1.1789958095542308,0.02963600158691406,0.003756002093790305,0.6,0.001,3,10.0,0.6,"{'clf__colsample_bytree': 0.6, 'clf__learning_rate': 0.001, 'clf__max_depth': 3, 'clf__reg_lambda': 10.0, 'clf__subsample': 0.6}",0.4186046511627907,0.5348837209302325,0.6190476190476191,0.5952380952380952,0.5,0.5335548172757475,0.07135135369663682,18
1.2197257041931153,1.4845349860529329,0.021405887603759766,0.004166708079089454,0.6,0.001,3,10.0,1.0,"{'clf__colsample_bytree': 0.6, 'clf__learning_rate': 0.001, 'clf__max_depth': 3, 'clf__reg_lambda': 10.0, 'clf__subsample': 1.0}",0.3953488372093023,0.4883720930232558,0.5,0.5238095238095238,0.5,0.48150609080841644,0.04459561443058836,161
2.3819931030273436,2.6213902542869714,0.02831292152404785,0.007440257558007674,0.6,0.001,3,100.0,0.6,"{'clf__colsample_bytree': 0.6, 'clf__learning_rate': 0.001, 'clf__max_depth': 3, 'clf__reg_lambda': 100.0, 'clf__subsample': 0.6}",0.46511627906976744,0.4883720930232558,0.5476190476190477,0.5952380952380952,0.5,0.5192691029900331,0.046547736866836505,71
3.3283469676971436,3.049178420700816,0.03138766288757324,0.007358848797867619,0.6,0.001,3,100.0,1.0,"{'clf__colsample_bytree': 0.6, 'clf__learning_rate': 0.001, 'clf__max_depth': 3, 'clf__reg_lambda': 100.0, 'clf__subsample': 1.0}",0.4418604651162791,0.46511627906976744,0.5238095238095238,0.5476190476190477,0.5,0.4956810631229237,0.03831000011452442,145
0.07959928512573242,0.029173551161018406,0.01936025619506836,0.0027574231079155005,0.6,0.03,1,1.0,0.6,"{'clf__colsample_bytree': 0.6, 'clf__learning_rate': 0.03, 'clf__max_depth': 1, 'clf__reg_lambda': 1.0, 'clf__subsample': 0.6}",0.4186046511627907,0.4883720930232558,0.5,0.6190476190476191,0.5238095238095238,0.5099667774086379,0.06481196926242475,87
0.0890645980834961,0.03819631644962019,0.01975255012512207,0.004658762506288842,0.6,0.03,1,1.0,1.0,"{'clf__colsample_bytree': 0.6, 'clf__learning_rate': 0.03, 'clf__max_depth': 1, 'clf__reg_lambda': 1.0, 'clf__subsample': 1.0}",0.37209302325581395,0.5348837209302325,0.5476190476190477,0.5952380952380952,0.5714285714285714,0.5242524916943522,0.07883661740067892,44
0.09073705673217773,0.025015010191847757,0.021828413009643555,0.004943800664478985,0.6,0.03,1,10.0,0.6,"{'clf__colsample_bytree': 0.6, 'clf__learning_rate': 0.03, 'clf__max_depth': 1, 'clf__reg_lambda': 10.0, 'clf__subsample': 0.6}",0.4418604651162791,0.5116279069767442,0.5,0.6190476190476191,0.5476190476190477,0.524031007751938,0.05842580999239782,49
0.09941058158874512,0.037583998815350295,0.027445459365844728,0.004667824868829622,0.6,0.03,1,10.0,1.0,"{'clf__colsample_bytree': 0.6, 'clf__learning_rate': 0.03, 'clf__max_depth': 1, 'clf__reg_lambda': 10.0, 'clf__subsample': 1.0}",0.4883720930232558,0.5116279069767442,0.5476190476190477,0.5,0.5476190476190477,0.519047619047619,0.024460191645585234,74
0.2532130241394043,0.23916576532314737,0.025023508071899413,0.006524670391329536,0.6,0.03,1,100.0,0.6,"{'clf__colsample_bytree': 0.6, 'clf__learning_rate': 0.03, 'clf__max_depth': 1, 'clf__reg_lambda': 100.0, 'clf__subsample': 0.6}",0.4186046511627907,0.5116279069767442,0.5238095238095238,0.5952380952380952,0.5238095238095238,0.5146179401993356,0.056384522321798754,79
0.11372933387756348,0.030320859436654565,0.028452587127685548,0.005990790745420185,0.6,0.03,1,100.0,1.0,"{'clf__colsample_bytree': 0.6, 'clf__learning_rate': 0.03, 'clf__max_depth': 1, 'clf__reg_lambda': 100.0, 'clf__subsample': 1.0}",0.46511627906976744,0.5116279069767442,0.5476190476190477,0.5,0.5,0.5048726467331118,0.026461075079500317,116
0.110028076171875,0.030195758632952298,0.030106019973754884,0.005766924088121002,0.6,0.03,2,1.0,0.6,"{'clf__colsample_bytree': 0.6, 'clf__learning_rate': 0.03, 'clf__max_depth': 2, 'clf__reg_lambda': 1.0, 'clf__subsample': 0.6}",0.37209302325581395,0.46511627906976744,0.5476190476190477,0.7142857142857143,0.5476190476190477,0.5293466223698783,0.11289327898719564,22
0.08965029716491699,0.03140802613163614,0.020956945419311524,0.003936133296065941,0.6,0.03,2,1.0,1.0,"{'clf__colsample_bytree': 0.6, 'clf__learning_rate': 0.03, 'clf__max_depth': 2, 'clf__reg_lambda': 1.0, 'clf__subsample': 1.0}",0.46511627906976744,0.5581395348837209,0.5476190476190477,0.5952380952380952,0.5476190476190477,0.5427464008859358,0.04258226798985429,11
0.0894665241241455,0.0217069463093481,0.019469022750854492,0.0025251405000843367,0.6,0.03,2,10.0,0.6,"{'clf__colsample_bytree': 0.6, 'clf__learning_rate': 0.03, 'clf__max_depth': 2, 'clf__reg_lambda': 10.0, 'clf__subsample': 0.6}",0.4186046511627907,0.5116279069767442,0.5952380952380952,0.5952380952380952,0.5238095238095238,0.5289036544850498,0.06525455970770529,24
0.09921197891235352,0.026102378117553258,0.02007603645324707,0.0026730265072100684,0.6,0.03,2,10.0,1.0,"{'clf__colsample_bytree': 0.6, 'clf__learning_rate': 0.03, 'clf__max_depth': 2, 'clf__reg_lambda': 10.0, 'clf__subsample': 1.0}",0.3953488372093023,0.5116279069767442,0.5714285714285714,0.5952380952380952,0.42857142857142855,0.5004429678848283,0.07792364135306247,132
0.19755830764770507,0.1271116577545231,0.01928715705871582,0.0033705256819557446,0.6,0.03,2,100.0,0.6,"{'clf__colsample_bytree': 0.6, 'clf__learning_rate': 0.03, 'clf__max_depth': 2, 'clf__reg_lambda': 100.0, 'clf__subsample': 0.6}",0.4186046511627907,0.5116279069767442,0.5952380952380952,0.5476190476190477,0.47619047619047616,0.5098560354374309,0.06029836774744944,93
0.20340328216552733,0.14735551786076123,0.02262740135192871,0.005125402225922788,0.6,0.03,2,100.0,1.0,"{'clf__colsample_bytree': 0.6, 'clf__learning_rate': 0.03, 'clf__max_depth': 2, 'clf__reg_lambda': 100.0, 'clf__subsample': 1.0}",0.3953488372093023,0.5116279069767442,0.5714285714285714,0.5476190476190477,0.5,0.5052048726467332,0.060533024226835104,109
0.11194181442260742,0.04232382293013907,0.018257808685302735,0.0013034095041342543,0.6,0.03,3,1.0,0.6,"{'clf__colsample_bytree': 0.6, 'clf__learning_rate': 0.03, 'clf__max_depth': 3, 'clf__reg_lambda': 1.0, 'clf__subsample': 0.6}",0.3953488372093023,0.4883720930232558,0.5714285714285714,0.6190476190476191,0.6190476190476191,0.5386489479512735,0.08609887365528572,12
0.10076422691345215,0.03348590660617615,0.025244617462158205,0.004733291623799905,0.6,0.03,3,1.0,1.0,"{'clf__colsample_bytree': 0.6, 'clf__learning_rate': 0.03, 'clf__max_depth': 3, 'clf__reg_lambda': 1.0, 'clf__subsample': 1.0}",0.3953488372093023,0.4883720930232558,0.5952380952380952,0.5952380952380952,0.4523809523809524,0.5053156146179403,0.0791883306625146,106
0.14802145957946777,0.04717661649813628,0.03812451362609863,0.010497904995060717,0.6,0.03,3,10.0,0.6,"{'clf__colsample_bytree': 0.6, 'clf__learning_rate': 0.03, 'clf__max_depth': 3, 'clf__reg_lambda': 10.0, 'clf__subsample': 0.6}",0.4418604651162791,0.5348837209302325,0.5238095238095238,0.6428571428571429,0.5,0.5286821705426357,0.06551152823220044,37
0.1745058059692383,0.07821336626059427,0.02721891403198242,0.008184635550006428,0.6,0.03,3,10.0,1.0,"{'clf__colsample_bytree': 0.6, 'clf__learning_rate': 0.03, 'clf__max_depth': 3, 'clf__reg_lambda': 10.0, 'clf__subsample': 1.0}",0.3953488372093023,0.4883720930232558,0.5,0.5238095238095238,0.4523809523809524,0.47198228128460695,0.04471370797465109,162
0.3064281463623047,0.2135489906009787,0.020508432388305665,0.0036221445556176924,0.6,0.03,3,100.0,0.6,"{'clf__colsample_bytree': 0.6, 'clf__learning_rate': 0.03, 'clf__max_depth': 3, 'clf__reg_lambda': 100.0, 'clf__subsample': 0.6}",0.4186046511627907,0.4883720930232558,0.6190476190476191,0.5238095238095238,0.5,0.5099667774086379,0.06481196926242475,87
0.3759148597717285,0.37861568169272014,0.022382307052612304,0.003575625831777815,0.6,0.03,3,100.0,1.0,"{'clf__colsample_bytree': 0.6, 'clf__learning_rate': 0.03, 'clf__max_depth': 3, 'clf__reg_lambda': 100.0, 'clf__subsample': 1.0}",0.4186046511627907,0.46511627906976744,0.5238095238095238,0.5714285714285714,0.5,0.49579180509413073,0.05181209611047061,141
0.07199077606201172,0.01160389609737632,0.02519984245300293,0.003978442562235911,0.6,0.1,1,1.0,0.6,"{'clf__colsample_bytree': 0.6, 'clf__learning_rate': 0.1, 'clf__max_depth': 1, 'clf__reg_lambda': 1.0, 'clf__subsample': 0.6}",0.4418604651162791,0.5348837209302325,0.3333333333333333,0.6428571428571429,0.5238095238095238,0.49534883720930234,0.10319084009060696,149
0.07513241767883301,0.009924954023271192,0.02440981864929199,0.007477478150153809,0.6,0.1,1,1.0,1.0,"{'clf__colsample_bytree': 0.6, 'clf__learning_rate': 0.1, 'clf__max_depth': 1, 'clf__reg_lambda': 1.0, 'clf__subsample': 1.0}",0.3953488372093023,0.5348837209302325,0.5476190476190477,0.5476190476190477,0.5714285714285714,0.5193798449612403,0.06313166576986809,62
0.06838951110839844,0.006352116811479468,0.02515239715576172,0.0049238251028126175,0.6,0.1,1,10.0,0.6,"{'clf__colsample_bytree': 0.6, 'clf__learning_rate': 0.1, 'clf__max_depth': 1, 'clf__reg_lambda': 10.0, 'clf__subsample': 0.6}",0.46511627906976744,0.5348837209302325,0.47619047619047616,0.6666666666666666,0.5714285714285714,0.5428571428571429,0.0730709060031823,10
0.08024449348449707,0.00968584250882836,0.02072277069091797,0.0014885714237891743,0.6,0.1,1,10.0,1.0,"{'clf__colsample_bytree': 0.6, 'clf__learning_rate': 0.1, 'clf__max_depth': 1, 'clf__reg_lambda': 10.0, 'clf__subsample': 1.0}",0.4883720930232558,0.4883720930232558,0.5714285714285714,0.5,0.4523809523809524,0.5001107419712071,0.03908956289054752,140
0.0896524429321289,0.047312055761145624,0.02537980079650879,0.0071922842052739916,0.6,0.1,1,100.0,0.6,"{'clf__colsample_bytree': 0.6, 'clf__learning_rate': 0.1, 'clf__max_depth': 1, 'clf__reg_lambda': 100.0, 'clf__subsample': 0.6}",0.3953488372093023,0.4883720930232558,0.42857142857142855,0.6190476190476191,0.5238095238095238,0.49102990033222593,0.07813581828473516,152
0.07759528160095215,0.015849145445753242,0.024380254745483398,0.0042407225411456055,0.6,0.1,1,100.0,1.0,"{'clf__colsample_bytree': 0.6, 'clf__learning_rate': 0.1, 'clf__max_depth': 1, 'clf__reg_lambda': 100.0, 'clf__subsample': 1.0}",0.46511627906976744,0.4883720930232558,0.5476190476190477,0.5238095238095238,0.5,0.5049833887043189,0.028503959415800136,113
0.08791961669921874,0.011425760254427668,0.02037363052368164,0.004134075872460394,0.6,0.1,2,1.0,0.6,"{'clf__colsample_bytree': 0.6, 'clf__learning_rate': 0.1, 'clf__max_depth': 2, 'clf__reg_lambda': 1.0, 'clf__subsample': 0.6}",0.46511627906976744,0.5116279069767442,0.5952380952380952,0.6190476190476191,0.5714285714285714,0.5524916943521594,0.05642670206313598,6
0.08115611076354981,0.013904934890797856,0.021938562393188477,0.0028125820514910277,0.6,0.1,2,1.0,1.0,"{'clf__colsample_bytree': 0.6, 'clf__learning_rate': 0.1, 'clf__max_depth': 2, 'clf__reg_lambda': 1.0, 'clf__subsample': 1.0}",0.4186046511627907,0.5581395348837209,0.5238095238095238,0.5714285714285714,0.5952380952380952,0.5334440753045404,0.06189039746017284,19
0.09087624549865722,0.019638479910820624,0.024114131927490234,0.005835645225799448,0.6,0.1,2,10.0,0.6,"{'clf__colsample_bytree': 0.6, 'clf__learning_rate': 0.1, 'clf__max_depth': 2, 'clf__reg_lambda': 10.0, 'clf__subsample': 0.6}",0.37209302325581395,0.4883720930232558,0.5714285714285714,0.6190476190476191,0.5714285714285714,0.5244739756367662,0.08703670804518343,40
0.08056492805480957,0.017439454974699363,0.022580480575561522,0.0037920270902461533,0.6,0.1,2,10.0,1.0,"{'clf__colsample_bytree': 0.6, 'clf__learning_rate': 0.1, 'clf__max_depth': 2, 'clf__reg_lambda': 10.0, 'clf__subsample': 1.0}",0.4186046511627907,0.5116279069767442,0.5238095238095238,0.5952380952380952,0.4523809523809524,0.5003322259136214,0.061097661276785876,134
0.1318373680114746,0.057686593984699525,0.020154190063476563,0.0021008425766640563,0.6,0.1,2,100.0,0.6,"{'clf__colsample_bytree': 0.6, 'clf__learning_rate': 0.1, 'clf__max_depth': 2, 'clf__reg_lambda': 100.0, 'clf__subsample': 0.6}",0.4186046511627907,0.46511627906976744,0.5952380952380952,0.6190476190476191,0.5238095238095238,0.5243632336655593,0.0757413557240428,41
0.10962567329406739,0.03115612457059552,0.025606870651245117,0.005506258823284385,0.6,0.1,2,100.0,1.0,"{'clf__colsample_bytree': 0.6, 'clf__learning_rate': 0.1, 'clf__max_depth': 2, 'clf__reg_lambda': 100.0, 'clf__subsample': 1.0}",0.4186046511627907,0.5116279069767442,0.5714285714285714,0.5714285714285714,0.5238095238095238,0.5193798449612403,0.055952648080446706,62
0.09104900360107422,0.013153374387403988,0.023185157775878908,0.002277060530847493,0.6,0.1,3,1.0,0.6,"{'clf__colsample_bytree': 0.6, 'clf__learning_rate': 0.1, 'clf__max_depth': 3, 'clf__reg_lambda': 1.0, 'clf__subsample': 0.6}",0.46511627906976744,0.5116279069767442,0.4523809523809524,0.5714285714285714,0.6190476190476191,0.5239202657807309,0.06329792531335102,53
0.09528646469116211,0.01524212773787558,0.023703765869140626,0.004194527453120795,0.6,0.1,3,1.0,1.0,"{'clf__colsample_bytree': 0.6, 'clf__learning_rate': 0.1, 'clf__max_depth': 3, 'clf__reg_lambda': 1.0, 'clf__subsample': 1.0}",0.3953488372093023,0.4883720930232558,0.5238095238095238,0.5952380952380952,0.5238095238095238,0.5053156146179403,0.06503826094373326,106
0.09049172401428222,0.018309770063100115,0.024444150924682616,0.004044700754329731,0.6,0.1,3,10.0,0.6,"{'clf__colsample_bytree': 0.6, 'clf__learning_rate': 0.1, 'clf__max_depth': 3, 'clf__reg_lambda': 10.0, 'clf__subsample': 0.6}",0.4418604651162791,0.5116279069767442,0.5714285714285714,0.6428571428571429,0.47619047619047616,0.5287929125138427,0.07134052451121334,32
0.10045051574707031,0.016085007437959677,0.02131514549255371,0.007183002800700661,0.6,0.1,3,10.0,1.0,"{'clf__colsample_bytree': 0.6, 'clf__learning_rate': 0.1, 'clf__max_depth': 3, 'clf__reg_lambda': 10.0, 'clf__subsample': 1.0}",0.4186046511627907,0.4883720930232558,0.5238095238095238,0.5238095238095238,0.47619047619047616,0.4861572535991141,0.03873753519650792,160
0.1878951072692871,0.09543822575650263,0.023670530319213866,0.003438260814894596,0.6,0.1,3,100.0,0.6,"{'clf__colsample_bytree': 0.6, 'clf__learning_rate': 0.1, 'clf__max_depth': 3, 'clf__reg_lambda': 100.0, 'clf__subsample': 0.6}",0.4418604651162791,0.5116279069767442,0.6190476190476191,0.5476190476190477,0.5,0.524031007751938,0.05842580999239782,49
0.20878233909606933,0.1627765147887306,0.025709247589111327,0.004879424990887231,0.6,0.1,3,100.0,1.0,"{'clf__colsample_bytree': 0.6, 'clf__learning_rate': 0.1, 'clf__max_depth': 3, 'clf__reg_lambda': 100.0, 'clf__subsample': 1.0}",0.4186046511627907,0.46511627906976744,0.5238095238095238,0.5476190476190477,0.5,0.491029900332226,0.04533041027434396,150
0.40565834045410154,0.54431327741991,0.024225282669067382,0.0035688295394042447,0.8,0.001,1,1.0,0.6,"{'clf__colsample_bytree': 0.8, 'clf__learning_rate': 0.001, 'clf__max_depth': 1, 'clf__reg_lambda': 1.0, 'clf__subsample': 0.6}",0.4186046511627907,0.5116279069767442,0.5,0.5476190476190477,0.5238095238095238,0.5003322259136213,0.04380485425813857,136
0.15787820816040038,0.11827185745363535,0.019358444213867187,0.0012589029225189938,0.8,0.001,1,1.0,1.0,"{'clf__colsample_bytree': 0.8, 'clf__learning_rate': 0.001, 'clf__max_depth': 1, 'clf__reg_lambda': 1.0, 'clf__subsample': 1.0}",0.46511627906976744,0.5348837209302325,0.5,0.5952380952380952,0.5714285714285714,0.5333333333333334,0.047011760267465334,20
0.4686094284057617,0.6133813847034739,0.023337507247924806,0.0021991531825271016,0.8,0.001,1,10.0,0.6,"{'clf__colsample_bytree': 0.8, 'clf__learning_rate': 0.001, 'clf__max_depth': 1, 'clf__reg_lambda': 10.0, 'clf__subsample': 0.6}",0.3953488372093023,0.5116279069767442,0.5,0.5952380952380952,0.5,0.5004429678848283,0.06349234249254075,132
0.25414419174194336,0.21852870419175194,0.019933414459228516,0.00403849219188627,0.8,0.001,1,10.0,1.0,"{'clf__colsample_bytree': 0.8, 'clf__learning_rate': 0.001, 'clf__max_depth': 1, 'clf__reg_lambda': 10.0, 'clf__subsample': 1.0}",0.46511627906976744,0.5116279069767442,0.5476190476190477,0.5,0.5,0.5048726467331118,0.026461075079500317,116
0.6881322860717773,0.6853784129324008,0.019296979904174803,0.0038908201961942324,0.8,0.001,1,100.0,0.6,"{'clf__colsample_bytree': 0.8, 'clf__learning_rate': 0.001, 'clf__max_depth': 1, 'clf__reg_lambda': 100.0, 'clf__subsample': 0.6}",0.3953488372093023,0.4883720930232558,0.5,0.5714285714285714,0.5,0.49102990033222593,0.056190393253976165,152
0.7126686096191406,0.7201831806790745,0.025287675857543945,0.006029403468182088,0.8,0.001,1,100.0,1.0,"{'clf__colsample_bytree': 0.8, 'clf__learning_rate': 0.001, 'clf__max_depth': 1, 'clf__reg_lambda': 100.0, 'clf__subsample': 1.0}",0.46511627906976744,0.5116279069767442,0.5476190476190477,0.5,0.5,0.5048726467331118,0.026461075079500317,116
0.4141326904296875,0.4843818730086515,0.02194671630859375,0.003080565655130059,0.8,0.001,2,1.0,0.6,"{'clf__colsample_bytree': 0.8, 'clf__learning_rate': 0.001, 'clf__max_depth': 2, 'clf__reg_lambda': 1.0, 'clf__subsample': 0.6}",0.4186046511627907,0.5116279069767442,0.5476190476190477,0.5714285714285714,0.5238095238095238,0.5146179401993356,0.05220823324178283,79
0.4401237964630127,0.46837534829982785,0.021230602264404298,0.002489645056562346,0.8,0.001,2,1.0,1.0,"{'clf__colsample_bytree': 0.8, 'clf__learning_rate': 0.001, 'clf__max_depth': 2, 'clf__reg_lambda': 1.0, 'clf__subsample': 1.0}",0.37209302325581395,0.5581395348837209,0.5714285714285714,0.5952380952380952,0.5,0.5193798449612403,0.08004354297959533,62
0.5672271251678467,0.7452331773087487,0.021586847305297852,0.00296826567633914,0.8,0.001,2,10.0,0.6,"{'clf__colsample_bytree': 0.8, 'clf__learning_rate': 0.001, 'clf__max_depth': 2, 'clf__reg_lambda': 10.0, 'clf__subsample': 0.6}",0.4186046511627907,0.5348837209302325,0.5,0.5714285714285714,0.5,0.5049833887043189,0.05063585054031222,113
0.3894693374633789,0.39444598446399903,0.020569658279418944,0.004280119238061413,0.8,0.001,2,10.0,1.0,"{'clf__colsample_bytree': 0.8, 'clf__learning_rate': 0.001, 'clf__max_depth': 2, 'clf__reg_lambda': 10.0, 'clf__subsample': 1.0}",0.37209302325581395,0.5116279069767442,0.5238095238095238,0.6190476190476191,0.5,0.5053156146179403,0.07885854823874021,106
1.406212329864502,2.029054585570385,0.020444679260253906,0.0036840060827343685,0.8,0.001,2,100.0,0.6,"{'clf__colsample_bytree': 0.8, 'clf__learning_rate': 0.001, 'clf__max_depth': 2, 'clf__reg_lambda': 100.0, 'clf__subsample': 0.6}",0.4186046511627907,0.5116279069767442,0.5714285714285714,0.6190476190476191,0.5,0.5241417497231451,0.06800098095137964,46
1.7821242809295654,1.681437411874051,0.022062301635742188,0.004113309538854229,0.8,0.001,2,100.0,1.0,"{'clf__colsample_bytree': 0.8, 'clf__learning_rate': 0.001, 'clf__max_depth': 2, 'clf__reg_lambda': 100.0, 'clf__subsample': 1.0}",0.4186046511627907,0.5116279069767442,0.5476190476190477,0.5476190476190477,0.5,0.5050941306755261,0.047256338386684985,110
0.4800297737121582,0.4853559231722207,0.02527327537536621,0.00783712432823569,0.8,0.001,3,1.0,0.6,"{'clf__colsample_bytree': 0.8, 'clf__learning_rate': 0.001, 'clf__max_depth': 3, 'clf__reg_lambda': 1.0, 'clf__subsample': 0.6}",0.4186046511627907,0.46511627906976744,0.5476190476190477,0.5952380952380952,0.5238095238095238,0.510077519379845,0.06203072902808009,86
0.9209492683410645,0.9599559633596969,0.021004962921142577,0.003915169051548139,0.8,0.001,3,1.0,1.0,"{'clf__colsample_bytree': 0.8, 'clf__learning_rate': 0.001, 'clf__max_depth': 3, 'clf__reg_lambda': 1.0, 'clf__subsample': 1.0}",0.4418604651162791,0.4883720930232558,0.5952380952380952,0.6904761904761905,0.4523809523809524,0.5336655592469546,0.09535996220547886,16
1.019797945022583,1.2991210979287002,0.02359638214111328,0.010414857153632578,0.8,0.001,3,10.0,0.6,"{'clf__colsample_bytree': 0.8, 'clf__learning_rate': 0.001, 'clf__max_depth': 3, 'clf__reg_lambda': 10.0, 'clf__subsample': 0.6}",0.4186046511627907,0.5116279069767442,0.5714285714285714,0.5952380952380952,0.5,0.5193798449612403,0.061733061936517085,62
1.2080185413360596,1.3529003157513744,0.02144761085510254,0.00431732054743689,0.8,0.001,3,10.0,1.0,"{'clf__colsample_bytree': 0.8, 'clf__learning_rate': 0.001, 'clf__max_depth': 3, 'clf__reg_lambda': 10.0, 'clf__subsample': 1.0}",0.4186046511627907,0.4883720930232558,0.5952380952380952,0.5476190476190477,0.5,0.5099667774086379,0.05933227832158438,87
2.3044092655181885,2.947900177986618,0.020511770248413087,0.0023814136916665333,0.8,0.001,3,100.0,0.6,"{'clf__colsample_bytree': 0.8, 'clf__learning_rate': 0.001, 'clf__max_depth': 3, 'clf__reg_lambda': 100.0, 'clf__subsample': 0.6}",0.46511627906976744,0.5116279069767442,0.5476190476190477,0.5952380952380952,0.5,0.5239202657807309,0.0443374674789162,53
3.6469070434570314,3.393620118848683,0.022645282745361327,0.003776053541077728,0.8,0.001,3,100.0,1.0,"{'clf__colsample_bytree': 0.8, 'clf__learning_rate': 0.001, 'clf__max_depth': 3, 'clf__reg_lambda': 100.0, 'clf__subsample': 1.0}",0.4883720930232558,0.46511627906976744,0.5238095238095238,0.5238095238095238,0.5,0.5002214839424142,0.022296294665199373,139
0.08828859329223633,0.014483637923316724,0.023967266082763672,0.004658124931281329,0.8,0.03,1,1.0,0.6,"{'clf__colsample_bytree': 0.8, 'clf__learning_rate': 0.03, 'clf__max_depth': 1, 'clf__reg_lambda': 1.0, 'clf__subsample': 0.6}",0.4418604651162791,0.4883720930232558,0.5238095238095238,0.5476190476190477,0.5714285714285714,0.5146179401993356,0.04557082574478195,79
0.09732522964477539,0.0385551462436956,0.02326478958129883,0.0025462384946000134,0.8,0.03,1,1.0,1.0,"{'clf__colsample_bytree': 0.8, 'clf__learning_rate': 0.03, 'clf__max_depth': 1, 'clf__reg_lambda': 1.0, 'clf__subsample': 1.0}",0.3953488372093023,0.5348837209302325,0.5476190476190477,0.5952380952380952,0.5714285714285714,0.5289036544850498,0.0699021357949525,24
0.09447484016418457,0.023171546752767055,0.02236180305480957,0.0009585154135711972,0.8,0.03,1,10.0,0.6,"{'clf__colsample_bytree': 0.8, 'clf__learning_rate': 0.03, 'clf__max_depth': 1, 'clf__reg_lambda': 10.0, 'clf__subsample': 0.6}",0.4186046511627907,0.5116279069767442,0.5,0.5952380952380952,0.5476190476190477,0.5146179401993356,0.05836070362043226,79
0.09716343879699707,0.0384532252879488,0.02245492935180664,0.0049723951676338175,0.8,0.03,1,10.0,1.0,"{'clf__colsample_bytree': 0.8, 'clf__learning_rate': 0.03, 'clf__max_depth': 1, 'clf__reg_lambda': 10.0, 'clf__subsample': 1.0}",0.4883720930232558,0.5116279069767442,0.5476190476190477,0.5,0.5,0.5095238095238095,0.020418008709155437,104
0.16092801094055176,0.10955187298581935,0.024965381622314452,0.0030342009698661548,0.8,0.03,1,100.0,0.6,"{'clf__colsample_bytree': 0.8, 'clf__learning_rate': 0.03, 'clf__max_depth': 1, 'clf__reg_lambda': 100.0, 'clf__subsample': 0.6}",0.4186046511627907,0.5116279069767442,0.5,0.5952380952380952,0.47619047619047616,0.5003322259136213,0.0572661285077299,136
0.08803439140319824,0.02732118376115016,0.022275733947753906,0.004040534911934638,0.8,0.03,1,100.0,1.0,"{'clf__colsample_bytree': 0.8, 'clf__learning_rate': 0.03, 'clf__max_depth': 1, 'clf__reg_lambda': 100.0, 'clf__subsample': 1.0}",0.46511627906976744,0.5116279069767442,0.5476190476190477,0.5,0.5,0.5048726467331118,0.026461075079500317,116
0.09664487838745117,0.0346204581387575,0.02007780075073242,0.005733252904387908,0.8,0.03,2,1.0,0.6,"{'clf__colsample_bytree': 0.8, 'clf__learning_rate': 0.03, 'clf__max_depth': 2, 'clf__reg_lambda': 1.0, 'clf__subsample': 0.6}",0.4418604651162791,0.4418604651162791,0.7142857142857143,0.6428571428571429,0.5714285714285714,0.5624584717607973,0.10833621646346216,2
0.10325183868408203,0.035182879480600025,0.020326948165893553,0.0019645039052240726,0.8,0.03,2,1.0,1.0,"{'clf__colsample_bytree': 0.8, 'clf__learning_rate': 0.03, 'clf__max_depth': 2, 'clf__reg_lambda': 1.0, 'clf__subsample': 1.0}",0.4883720930232558,0.5581395348837209,0.5714285714285714,0.6190476190476191,0.5476190476190477,0.556921373200443,0.042088359947646745,4
0.12132411003112793,0.04042654275914968,0.021550750732421874,0.005945045104854932,0.8,0.03,2,10.0,0.6,"{'clf__colsample_bytree': 0.8, 'clf__learning_rate': 0.03, 'clf__max_depth': 2, 'clf__reg_lambda': 10.0, 'clf__subsample': 0.6}",0.4418604651162791,0.5581395348837209,0.5952380952380952,0.5476190476190477,0.47619047619047616,0.523809523809524,0.05626847397534663,55
0.10456256866455078,0.026849048151357555,0.022229814529418947,0.004693053928526943,0.8,0.03,2,10.0,1.0,"{'clf__colsample_bytree': 0.8, 'clf__learning_rate': 0.03, 'clf__max_depth': 2, 'clf__reg_lambda': 10.0, 'clf__subsample': 1.0}",0.4186046511627907,0.5116279069767442,0.5476190476190477,0.5952380952380952,0.42857142857142855,0.5003322259136213,0.06811720555007311,136
0.2351698398590088,0.1781928315903074,0.027724647521972658,0.009137517211688814,0.8,0.03,2,100.0,0.6,"{'clf__colsample_bytree': 0.8, 'clf__learning_rate': 0.03, 'clf__max_depth': 2, 'clf__reg_lambda': 100.0, 'clf__subsample': 0.6}",0.4418604651162791,0.5581395348837209,0.5476190476190477,0.5476190476190477,0.5,0.5190476190476191,0.04354652562114448,73
0.17898736000061036,0.14865197599890184,0.023085403442382812,0.004675214559485663,0.8,0.03,2,100.0,1.0,"{'clf__colsample_bytree': 0.8, 'clf__learning_rate': 0.03, 'clf__max_depth': 2, 'clf__reg_lambda': 100.0, 'clf__subsample': 1.0}",0.3953488372093023,0.5116279069767442,0.5476190476190477,0.5476190476190477,0.5,0.5004429678848284,0.055894973626722896,131
0.11604633331298828,0.029727189363913855,0.020835351943969727,0.0025028337003601435,0.8,0.03,3,1.0,0.6,"{'clf__colsample_bytree': 0.8, 'clf__learning_rate': 0.03, 'clf__max_depth': 3, 'clf__reg_lambda': 1.0, 'clf__subsample': 0.6}",0.4418604651162791,0.5116279069767442,0.47619047619047616,0.6428571428571429,0.5714285714285714,0.5287929125138427,0.07134052451121334,32
0.11706700325012206,0.03087957092405085,0.026018762588500978,0.006344525819804328,0.8,0.03,3,1.0,1.0,"{'clf__colsample_bytree': 0.8, 'clf__learning_rate': 0.03, 'clf__max_depth': 3, 'clf__reg_lambda': 1.0, 'clf__subsample': 1.0}",0.4418604651162791,0.4883720930232558,0.6190476190476191,0.5952380952380952,0.4523809523809524,0.5193798449612403,0.07368544749837556,62
0.14314055442810059,0.04331121964077067,0.030143260955810547,0.005353585988436421,0.8,0.03,3,10.0,0.6,"{'clf__colsample_bytree': 0.8, 'clf__learning_rate': 0.03, 'clf__max_depth': 3, 'clf__reg_lambda': 10.0, 'clf__subsample': 0.6}",0.3953488372093023,0.5116279069767442,0.6190476190476191,0.5952380952380952,0.47619047619047616,0.5194905869324474,0.08123691649585464,59
0.1648862838745117,0.08411435098037741,0.02604255676269531,0.005831675064568109,0.8,0.03,3,10.0,1.0,"{'clf__colsample_bytree': 0.8, 'clf__learning_rate': 0.03, 'clf__max_depth': 3, 'clf__reg_lambda': 10.0, 'clf__subsample': 1.0}",0.3953488372093023,0.4883720930232558,0.5952380952380952,0.5476190476190477,0.4523809523809524,0.49579180509413073,0.07014837382170275,141
0.3272369861602783,0.35890850273502717,0.021799755096435548,0.003021549264890497,0.8,0.03,3,100.0,0.6,"{'clf__colsample_bytree': 0.8, 'clf__learning_rate': 0.03, 'clf__max_depth': 3, 'clf__reg_lambda': 100.0, 'clf__subsample': 0.6}",0.4418604651162791,0.4883720930232558,0.5952380952380952,0.6190476190476191,0.5,0.5289036544850498,0.0672025861253673,24
0.44225006103515624,0.4584997450894189,0.02261834144592285,0.005589069442685051,0.8,0.03,3,100.0,1.0,"{'clf__colsample_bytree': 0.8, 'clf__learning_rate': 0.03, 'clf__max_depth': 3, 'clf__reg_lambda': 100.0, 'clf__subsample': 1.0}",0.4418604651162791,0.46511627906976744,0.5238095238095238,0.5476190476190477,0.5,0.4956810631229237,0.03831000011452442,145
0.07171759605407715,0.009033269665990915,0.029031896591186525,0.015954129728277748,0.8,0.1,1,1.0,0.6,"{'clf__colsample_bytree': 0.8, 'clf__learning_rate': 0.1, 'clf__max_depth': 1, 'clf__reg_lambda': 1.0, 'clf__subsample': 0.6}",0.4186046511627907,0.5581395348837209,0.5714285714285714,0.5952380952380952,0.5714285714285714,0.5429678848283499,0.06332233273174356,9
0.08167200088500977,0.021906636888199632,0.022138547897338868,0.0016426035486293818,0.8,0.1,1,1.0,1.0,"{'clf__colsample_bytree': 0.8, 'clf__learning_rate': 0.1, 'clf__max_depth': 1, 'clf__reg_lambda': 1.0, 'clf__subsample': 1.0}",0.3953488372093023,0.5348837209302325,0.5476190476190477,0.5476190476190477,0.5714285714285714,0.5193798449612403,0.06313166576986809,62
0.086521577835083,0.03387826195266855,0.023027420043945312,0.00912305871345287,0.8,0.1,1,10.0,0.6,"{'clf__colsample_bytree': 0.8, 'clf__learning_rate': 0.1, 'clf__max_depth': 1, 'clf__reg_lambda': 10.0, 'clf__subsample': 0.6}",0.4186046511627907,0.5116279069767442,0.40476190476190477,0.5476190476190477,0.6190476190476191,0.5003322259136214,0.08033686979754072,134
0.09530749320983886,0.02880379888681227,0.029442310333251953,0.005885965227775302,0.8,0.1,1,10.0,1.0,"{'clf__colsample_bytree': 0.8, 'clf__learning_rate': 0.1, 'clf__max_depth': 1, 'clf__reg_lambda': 10.0, 'clf__subsample': 1.0}",0.4883720930232558,0.5116279069767442,0.5238095238095238,0.5,0.42857142857142855,0.4904761904761904,0.033123514132571814,157
0.12039122581481934,0.09112275302334698,0.021984148025512695,0.00419663940663945,0.8,0.1,1,100.0,0.6,"{'clf__colsample_bytree': 0.8, 'clf__learning_rate': 0.1, 'clf__max_depth': 1, 'clf__reg_lambda': 100.0, 'clf__subsample': 0.6}",0.4186046511627907,0.4883720930232558,0.5,0.6190476190476191,0.5952380952380952,0.5242524916943523,0.0735691846516668,43
0.06936850547790527,0.0035110164735109575,0.01854548454284668,0.0027608268966755173,0.8,0.1,1,100.0,1.0,"{'clf__colsample_bytree': 0.8, 'clf__learning_rate': 0.1, 'clf__max_depth': 1, 'clf__reg_lambda': 100.0, 'clf__subsample': 1.0}",0.46511627906976744,0.5116279069767442,0.5476190476190477,0.5,0.5,0.5048726467331118,0.026461075079500317,116
0.0817725658416748,0.00924462632299329,0.024262237548828124,0.0068727718368438865,0.8,0.1,2,1.0,0.6,"{'clf__colsample_bytree': 0.8, 'clf__learning_rate': 0.1, 'clf__max_depth': 2, 'clf__reg_lambda': 1.0, 'clf__subsample': 0.6}",0.4883720930232558,0.5348837209302325,0.6190476190476191,0.5476190476190477,0.5476190476190477,0.5475083056478406,0.041891215480461444,7
0.07778677940368653,0.012229852579532593,0.02444939613342285,0.0042261086802779235,0.8,0.1,2,1.0,1.0,"{'clf__colsample_bytree': 0.8, 'clf__learning_rate': 0.1, 'clf__max_depth': 2, 'clf__reg_lambda': 1.0, 'clf__subsample': 1.0}",0.46511627906976744,0.5581395348837209,0.5238095238095238,0.5952380952380952,0.5952380952380952,0.5475083056478406,0.04902931157580706,7
0.11038417816162109,0.024382023300509613,0.025120639801025392,0.006827168164054878,0.8,0.1,2,10.0,0.6,"{'clf__colsample_bytree': 0.8, 'clf__learning_rate': 0.1, 'clf__max_depth': 2, 'clf__reg_lambda': 10.0, 'clf__subsample': 0.6}",0.3953488372093023,0.4883720930232558,0.5476190476190477,0.5476190476190477,0.5238095238095238,0.5005537098560355,0.05689917738844406,130
0.07723865509033204,0.013149531541743753,0.023191165924072266,0.0028554360772436965,0.8,0.1,2,10.0,1.0,"{'clf__colsample_bytree': 0.8, 'clf__learning_rate': 0.1, 'clf__max_depth': 2, 'clf__reg_lambda': 10.0, 'clf__subsample': 1.0}",0.3953488372093023,0.5116279069767442,0.5952380952380952,0.6428571428571429,0.4523809523809524,0.5194905869324474,0.09048059564932168,59
0.13014645576477052,0.05440063126599197,0.02104811668395996,0.003716001997662132,0.8,0.1,2,100.0,0.6,"{'clf__colsample_bytree': 0.8, 'clf__learning_rate': 0.1, 'clf__max_depth': 2, 'clf__reg_lambda': 100.0, 'clf__subsample': 0.6}",0.4186046511627907,0.5116279069767442,0.5476190476190477,0.5476190476190477,0.5238095238095238,0.5098560354374309,0.04770061776664508,93
0.1346040725708008,0.0723333530609769,0.022072982788085938,0.006034133617708653,0.8,0.1,2,100.0,1.0,"{'clf__colsample_bytree': 0.8, 'clf__learning_rate': 0.1, 'clf__max_depth': 2, 'clf__reg_lambda': 100.0, 'clf__subsample': 1.0}",0.4186046511627907,0.5116279069767442,0.5714285714285714,0.5476190476190477,0.5,0.5098560354374309,0.0522385267264363,93
0.08673491477966308,0.006655855706702571,0.021113491058349608,0.0032542791045345404,0.8,0.1,3,1.0,0.6,"{'clf__colsample_bytree': 0.8, 'clf__learning_rate': 0.1, 'clf__max_depth': 3, 'clf__reg_lambda': 1.0, 'clf__subsample': 0.6}",0.4418604651162791,0.5348837209302325,0.47619047619047616,0.5714285714285714,0.5714285714285714,0.5191583610188261,0.052024687552131826,72
0.09932303428649902,0.017508764344030942,0.021449518203735352,0.0053788122113104155,0.8,0.1,3,1.0,1.0,"{'clf__colsample_bytree': 0.8, 'clf__learning_rate': 0.1, 'clf__max_depth': 3, 'clf__reg_lambda': 1.0, 'clf__subsample': 1.0}",0.3953488372093023,0.4883720930232558,0.6190476190476191,0.5714285714285714,0.5238095238095238,0.5196013289036545,0.07616729411161796,58
0.10174932479858398,0.013473350270745114,0.025107908248901366,0.0061300959189839474,0.8,0.1,3,10.0,0.6,"{'clf__colsample_bytree': 0.8, 'clf__learning_rate': 0.1, 'clf__max_depth': 3, 'clf__reg_lambda': 10.0, 'clf__subsample': 0.6}",0.46511627906976744,0.4883720930232558,0.5,0.6190476190476191,0.5,0.5145071982281284,0.05379985837407777,84
0.10730905532836914,0.011485441537256509,0.02547035217285156,0.004739290984030639,0.8,0.1,3,10.0,1.0,"{'clf__colsample_bytree': 0.8, 'clf__learning_rate': 0.1, 'clf__max_depth': 3, 'clf__reg_lambda': 10.0, 'clf__subsample': 1.0}",0.3953488372093023,0.4883720930232558,0.5476190476190477,0.5238095238095238,0.47619047619047616,0.4862679955703212,0.052049197707628544,158
0.1649608612060547,0.07226055883333594,0.017701148986816406,0.001018418963406485,0.8,0.1,3,100.0,0.6,"{'clf__colsample_bytree': 0.8, 'clf__learning_rate': 0.1, 'clf__max_depth': 3, 'clf__reg_lambda': 100.0, 'clf__subsample': 0.6}",0.4186046511627907,0.4883720930232558,0.5714285714285714,0.5714285714285714,0.5238095238095238,0.5147286821705427,0.0573527953935566,76
0.1869786262512207,0.12066727520539361,0.021668672561645508,0.003974616793835481,0.8,0.1,3,100.0,1.0,"{'clf__colsample_bytree': 0.8, 'clf__learning_rate': 0.1, 'clf__max_depth': 3, 'clf__reg_lambda': 100.0, 'clf__subsample': 1.0}",0.4186046511627907,0.46511627906976744,0.5238095238095238,0.5476190476190477,0.5,0.491029900332226,0.04533041027434396,150
0.25205001831054685,0.2644319941834665,0.019467973709106447,0.001974878272910042,1.0,0.001,1,1.0,0.6,"{'clf__colsample_bytree': 1.0, 'clf__learning_rate': 0.001, 'clf__max_depth': 1, 'clf__reg_lambda': 1.0, 'clf__subsample': 0.6}",0.37209302325581395,0.5116279069767442,0.5,0.5714285714285714,0.5238095238095238,0.4957918050941307,0.06644665926746272,143
0.1105778694152832,0.09648389579891564,0.021621847152709962,0.003725314593731812,1.0,0.001,1,1.0,1.0,"{'clf__colsample_bytree': 1.0, 'clf__learning_rate': 0.001, 'clf__max_depth': 1, 'clf__reg_lambda': 1.0, 'clf__subsample': 1.0}",0.46511627906976744,0.5116279069767442,0.5,0.5952380952380952,0.5714285714285714,0.5286821705426357,0.047772551266016774,37
0.4947500705718994,0.6840725992575052,0.026497554779052735,0.005938398349180027,1.0,0.001,1,10.0,0.6,"{'clf__colsample_bytree': 1.0, 'clf__learning_rate': 0.001, 'clf__max_depth': 1, 'clf__reg_lambda': 10.0, 'clf__subsample': 0.6}",0.3953488372093023,0.4883720930232558,0.5,0.5952380952380952,0.5,0.4957918050941307,0.06335428060811125,143
0.2296443462371826,0.19522052288037245,0.020794057846069337,0.003575427680806717,1.0,0.001,1,10.0,1.0,"{'clf__colsample_bytree': 1.0, 'clf__learning_rate': 0.001, 'clf__max_depth': 1, 'clf__reg_lambda': 10.0, 'clf__subsample': 1.0}",0.46511627906976744,0.5116279069767442,0.5476190476190477,0.5,0.5,0.5048726467331118,0.026461075079500317,116
0.9034486293792725,1.2716920071746733,0.022673988342285158,0.004345635904442032,1.0,0.001,1,100.0,0.6,"{'clf__colsample_bytree': 1.0, 'clf__learning_rate': 0.001, 'clf__max_depth': 1, 'clf__reg_lambda': 100.0, 'clf__subsample': 0.6}",0.4186046511627907,0.4883720930232558,0.5,0.5476190476190477,0.5,0.49091915836101885,0.0415106644243974,156
0.7765326023101806,0.6595665248950319,0.025121307373046874,0.004269131030707278,1.0,0.001,1,100.0,1.0,"{'clf__colsample_bytree': 1.0, 'clf__learning_rate': 0.001, 'clf__max_depth': 1, 'clf__reg_lambda': 100.0, 'clf__subsample': 1.0}",0.46511627906976744,0.5116279069767442,0.5476190476190477,0.5,0.5,0.5048726467331118,0.026461075079500317,116
0.32222867012023926,0.31788382244407604,0.02385101318359375,0.0033031016437187733,1.0,0.001,2,1.0,0.6,"{'clf__colsample_bytree': 1.0, 'clf__learning_rate': 0.001, 'clf__max_depth': 2, 'clf__reg_lambda': 1.0, 'clf__subsample': 0.6}",0.4186046511627907,0.5116279069767442,0.5238095238095238,0.5476190476190477,0.5476190476190477,0.5098560354374309,0.04770061776664508,93
0.5237293720245362,0.6472529442721094,0.023357057571411134,0.004411826654437841,1.0,0.001,2,1.0,1.0,"{'clf__colsample_bytree': 1.0, 'clf__learning_rate': 0.001, 'clf__max_depth': 2, 'clf__reg_lambda': 1.0, 'clf__subsample': 1.0}",0.37209302325581395,0.5348837209302325,0.5714285714285714,0.6190476190476191,0.5,0.5194905869324474,0.08360864812703674,59
0.6479493141174316,0.8347747048368469,0.023679399490356447,0.004667506688513447,1.0,0.001,2,10.0,0.6,"{'clf__colsample_bytree': 1.0, 'clf__learning_rate': 0.001, 'clf__max_depth': 2, 'clf__reg_lambda': 10.0, 'clf__subsample': 0.6}",0.4186046511627907,0.5348837209302325,0.5238095238095238,0.5714285714285714,0.5,0.5097452934662237,0.05106105622667441,100
0.3936493396759033,0.36522407607676205,0.01904473304748535,0.0027966922608836614,1.0,0.001,2,10.0,1.0,"{'clf__colsample_bytree': 1.0, 'clf__learning_rate': 0.001, 'clf__max_depth': 2, 'clf__reg_lambda': 10.0, 'clf__subsample': 1.0}",0.37209302325581395,0.5348837209302325,0.5476190476190477,0.5952380952380952,0.5,0.5099667774086379,0.07538999125472166,87
1.344853925704956,2.2920536351159067,0.02215127944946289,0.004743648474527324,1.0,0.001,2,100.0,0.6,"{'clf__colsample_bytree': 1.0, 'clf__learning_rate': 0.001, 'clf__max_depth': 2, 'clf__reg_lambda': 100.0, 'clf__subsample': 0.6}",0.4186046511627907,0.5348837209302325,0.5714285714285714,0.6190476190476191,0.5,0.5287929125138427,0.06778096216542501,32
1.764241886138916,1.8931950480396218,0.025119304656982422,0.005774334214957078,1.0,0.001,2,100.0,1.0,"{'clf__colsample_bytree': 1.0, 'clf__learning_rate': 0.001, 'clf__max_depth': 2, 'clf__reg_lambda': 100.0, 'clf__subsample': 1.0}",0.4186046511627907,0.5348837209302325,0.5476190476190477,0.5476190476190477,0.5,0.5097452934662237,0.04879010241195538,100
0.5518903255462646,0.5695047269533813,0.019989204406738282,0.0031157240474415744,1.0,0.001,3,1.0,0.6,"{'clf__colsample_bytree': 1.0, 'clf__learning_rate': 0.001, 'clf__max_depth': 3, 'clf__reg_lambda': 1.0, 'clf__subsample': 0.6}",0.4186046511627907,0.5348837209302325,0.5238095238095238,0.6428571428571429,0.5,0.5240310077519379,0.07201345265954581,52
0.6958404541015625,0.7821150671296092,0.022395515441894533,0.004090772939577404,1.0,0.001,3,1.0,1.0,"{'clf__colsample_bytree': 1.0, 'clf__learning_rate': 0.001, 'clf__max_depth': 3, 'clf__reg_lambda': 1.0, 'clf__subsample': 1.0}",0.37209302325581395,0.5116279069767442,0.5952380952380952,0.6904761904761905,0.4523809523809524,0.5243632336655593,0.11058626927998971,41
0.8974496364593506,1.001366084520816,0.02015714645385742,0.002588489009648045,1.0,0.001,3,10.0,0.6,"{'clf__colsample_bytree': 1.0, 'clf__learning_rate': 0.001, 'clf__max_depth': 3, 'clf__reg_lambda': 10.0, 'clf__subsample': 0.6}",0.4186046511627907,0.5116279069767442,0.5238095238095238,0.5952380952380952,0.5,0.5098560354374309,0.056412573188763734,93
1.3683901309967041,1.49815941521941,0.024106836318969725,0.0025239191436474467,1.0,0.001,3,10.0,1.0,"{'clf__colsample_bytree': 1.0, 'clf__learning_rate': 0.001, 'clf__max_depth': 3, 'clf__reg_lambda': 10.0, 'clf__subsample': 1.0}",0.4186046511627907,0.5116279069767442,0.5714285714285714,0.5238095238095238,0.5,0.505094130675526,0.0495975693691877,111
2.354322624206543,2.875152225699872,0.02047619819641113,0.003214239101401276,1.0,0.001,3,100.0,0.6,"{'clf__colsample_bytree': 1.0, 'clf__learning_rate': 0.001, 'clf__max_depth': 3, 'clf__reg_lambda': 100.0, 'clf__subsample': 0.6}",0.4418604651162791,0.5116279069767442,0.5476190476190477,0.5952380952380952,0.5,0.5192691029900333,0.05098390053277271,69
3.2009403228759767,3.0997761985601646,0.020867252349853517,0.001767225719703343,1.0,0.001,3,100.0,1.0,"{'clf__colsample_bytree': 1.0, 'clf__learning_rate': 0.001, 'clf__max_depth': 3, 'clf__reg_lambda': 100.0, 'clf__subsample': 1.0}",0.46511627906976744,0.5116279069767442,0.5952380952380952,0.5714285714285714,0.5,0.5286821705426357,0.047772551266016774,37
0.073024320602417,0.017200329396493432,0.022246456146240233,0.0019605580871273486,1.0,0.03,1,1.0,0.6,"{'clf__colsample_bytree': 1.0, 'clf__learning_rate': 0.03, 'clf__max_depth': 1, 'clf__reg_lambda': 1.0, 'clf__subsample': 0.6}",0.4186046511627907,0.4883720930232558,0.5238095238095238,0.5952380952380952,0.5476190476190477,0.5147286821705427,0.059296715837132856,76
0.09456276893615723,0.030436763949176816,0.020079326629638673,0.003568027687882927,1.0,0.03,1,1.0,1.0,"{'clf__colsample_bytree': 1.0, 'clf__learning_rate': 0.03, 'clf__max_depth': 1, 'clf__reg_lambda': 1.0, 'clf__subsample': 1.0}",0.3953488372093023,0.5348837209302325,0.5476190476190477,0.5952380952380952,0.5714285714285714,0.5289036544850498,0.0699021357949525,24
0.08336987495422363,0.026097512944604054,0.02345585823059082,0.002507632320793355,1.0,0.03,1,10.0,0.6,"{'clf__colsample_bytree': 1.0, 'clf__learning_rate': 0.03, 'clf__max_depth': 1, 'clf__reg_lambda': 10.0, 'clf__subsample': 0.6}",0.3953488372093023,0.5116279069767442,0.5,0.6428571428571429,0.5714285714285714,0.5242524916943522,0.08204433119821807,44
0.08623437881469727,0.025140353726422364,0.02011837959289551,0.0034104926393024007,1.0,0.03,1,10.0,1.0,"{'clf__colsample_bytree': 1.0, 'clf__learning_rate': 0.03, 'clf__max_depth': 1, 'clf__reg_lambda': 10.0, 'clf__subsample': 1.0}",0.46511627906976744,0.5116279069767442,0.5476190476190477,0.5,0.5,0.5048726467331118,0.026461075079500317,116
0.12893433570861818,0.07882021687892052,0.020017337799072266,0.0024282564615491584,1.0,0.03,1,100.0,0.6,"{'clf__colsample_bytree': 1.0, 'clf__learning_rate': 0.03, 'clf__max_depth': 1, 'clf__reg_lambda': 100.0, 'clf__subsample': 0.6}",0.37209302325581395,0.5116279069767442,0.5,0.5952380952380952,0.4523809523809524,0.4862679955703212,0.07333543709958998,158
0.08945984840393066,0.023409750146214103,0.021145963668823244,0.003530708500304538,1.0,0.03,1,100.0,1.0,"{'clf__colsample_bytree': 1.0, 'clf__learning_rate': 0.03, 'clf__max_depth': 1, 'clf__reg_lambda': 100.0, 'clf__subsample': 1.0}",0.46511627906976744,0.5116279069767442,0.5476190476190477,0.5,0.5,0.5048726467331118,0.026461075079500317,116
0.094769287109375,0.029514277038879877,0.021358728408813477,0.006100361267841853,1.0,0.03,2,1.0,0.6,"{'clf__colsample_bytree': 1.0, 'clf__learning_rate': 0.03, 'clf__max_depth': 2, 'clf__reg_lambda': 1.0, 'clf__subsample': 0.6}",0.3953488372093023,0.4883720930232558,0.6190476190476191,0.6190476190476191,0.5238095238095238,0.529125138427464,0.08456627020019339,23
0.09779114723205566,0.024963944815333833,0.022116804122924806,0.0053554963809944595,1.0,0.03,2,1.0,1.0,"{'clf__colsample_bytree': 1.0, 'clf__learning_rate': 0.03, 'clf__max_depth': 2, 'clf__reg_lambda': 1.0, 'clf__subsample': 1.0}",0.4883720930232558,0.5348837209302325,0.5714285714285714,0.6190476190476191,0.5714285714285714,0.5570321151716501,0.043509053392130875,3
0.11327362060546875,0.02757455136565104,0.024237442016601562,0.005302886058573193,1.0,0.03,2,10.0,0.6,"{'clf__colsample_bytree': 1.0, 'clf__learning_rate': 0.03, 'clf__max_depth': 2, 'clf__reg_lambda': 10.0, 'clf__subsample': 0.6}",0.4186046511627907,0.5348837209302325,0.5476190476190477,0.5238095238095238,0.5,0.5049833887043189,0.045939902271465646,113
0.10641946792602539,0.028813303052140738,0.021668243408203124,0.0074682827353371745,1.0,0.03,2,10.0,1.0,"{'clf__colsample_bytree': 1.0, 'clf__learning_rate': 0.03, 'clf__max_depth': 2, 'clf__reg_lambda': 10.0, 'clf__subsample': 1.0}",0.4186046511627907,0.5348837209302325,0.5714285714285714,0.6190476190476191,0.42857142857142855,0.5145071982281284,0.07895087083709508,84
0.19314079284667968,0.14193137972717196,0.022243976593017578,0.0057048932818734325,1.0,0.03,2,100.0,0.6,"{'clf__colsample_bytree': 1.0, 'clf__learning_rate': 0.03, 'clf__max_depth': 2, 'clf__reg_lambda': 100.0, 'clf__subsample': 0.6}",0.4418604651162791,0.5581395348837209,0.5476190476190477,0.5714285714285714,0.5,0.5238095238095238,0.04753011345511612,56
0.17815766334533692,0.16494066640403324,0.022562742233276367,0.0048943248555959745,1.0,0.03,2,100.0,1.0,"{'clf__colsample_bytree': 1.0, 'clf__learning_rate': 0.03, 'clf__max_depth': 2, 'clf__reg_lambda': 100.0, 'clf__subsample': 1.0}",0.4186046511627907,0.5348837209302325,0.5476190476190477,0.5476190476190477,0.5,0.5097452934662237,0.04879010241195538,100
0.11453657150268555,0.028718168476710656,0.0226315975189209,0.0035935688573191476,1.0,0.03,3,1.0,0.6,"{'clf__colsample_bytree': 1.0, 'clf__learning_rate': 0.03, 'clf__max_depth': 3, 'clf__reg_lambda': 1.0, 'clf__subsample': 0.6}",0.4418604651162791,0.5116279069767442,0.5476190476190477,0.6666666666666666,0.5238095238095238,0.5383167220376522,0.07319399250834847,14
0.11994819641113282,0.04615139385014421,0.023070001602172853,0.002331010508379896,1.0,0.03,3,1.0,1.0,"{'clf__colsample_bytree': 1.0, 'clf__learning_rate': 0.03, 'clf__max_depth': 3, 'clf__reg_lambda': 1.0, 'clf__subsample': 1.0}",0.4186046511627907,0.5116279069767442,0.5952380952380952,0.6666666666666666,0.4523809523809524,0.5289036544850498,0.0913224518708718,24
0.13373017311096191,0.04073605457879083,0.021788787841796876,0.004569805254532675,1.0,0.03,3,10.0,0.6,"{'clf__colsample_bytree': 1.0, 'clf__learning_rate': 0.03, 'clf__max_depth': 3, 'clf__reg_lambda': 10.0, 'clf__subsample': 0.6}",0.4186046511627907,0.5116279069767442,0.5714285714285714,0.6190476190476191,0.5476190476190477,0.5336655592469546,0.06728374506419575,16
0.15484256744384767,0.07043323547949562,0.02002859115600586,0.004400635978798428,1.0,0.03,3,10.0,1.0,"{'clf__colsample_bytree': 1.0, 'clf__learning_rate': 0.03, 'clf__max_depth': 3, 'clf__reg_lambda': 10.0, 'clf__subsample': 1.0}",0.3953488372093023,0.5116279069767442,0.6666666666666666,0.5238095238095238,0.4523809523809524,0.5099667774086379,0.09077734930311353,87
0.3141663074493408,0.1999565747690558,0.02233128547668457,0.003987784054976527,1.0,0.03,3,100.0,0.6,"{'clf__colsample_bytree': 1.0, 'clf__learning_rate': 0.03, 'clf__max_depth': 3, 'clf__reg_lambda': 100.0, 'clf__subsample': 0.6}",0.4186046511627907,0.4883720930232558,0.5238095238095238,0.5476190476190477,0.5,0.4956810631229237,0.04359268763091206,145
0.4356804847717285,0.5361318005163991,0.021482372283935548,0.004478753477870725,1.0,0.03,3,100.0,1.0,"{'clf__colsample_bytree': 1.0, 'clf__learning_rate': 0.03, 'clf__max_depth': 3, 'clf__reg_lambda': 100.0, 'clf__subsample': 1.0}",0.4418604651162791,0.5116279069767442,0.5952380952380952,0.5476190476190477,0.5,0.5192691029900333,0.05098390053277271,69
0.10315704345703125,0.07546009482906368,0.022153615951538086,0.004687075465998689,1.0,0.1,1,1.0,0.6,"{'clf__colsample_bytree': 1.0, 'clf__learning_rate': 0.1, 'clf__max_depth': 1, 'clf__reg_lambda': 1.0, 'clf__subsample': 0.6}",0.46511627906976744,0.5581395348837209,0.6428571428571429,0.5952380952380952,0.5952380952380952,0.5713178294573644,0.05952254756703942,1
0.06756510734558105,0.016805227702950856,0.020789909362792968,0.0038269282580810785,1.0,0.1,1,1.0,1.0,"{'clf__colsample_bytree': 1.0, 'clf__learning_rate': 0.1, 'clf__max_depth': 1, 'clf__reg_lambda': 1.0, 'clf__subsample': 1.0}",0.3953488372093023,0.5348837209302325,0.5476190476190477,0.5952380952380952,0.5714285714285714,0.5289036544850498,0.0699021357949525,24
0.07271389961242676,0.0189233488645496,0.02039651870727539,0.0019277841077916793,1.0,0.1,1,10.0,0.6,"{'clf__colsample_bytree': 1.0, 'clf__learning_rate': 0.1, 'clf__max_depth': 1, 'clf__reg_lambda': 10.0, 'clf__subsample': 0.6}",0.46511627906976744,0.5116279069767442,0.6190476190476191,0.5476190476190477,0.6190476190476191,0.5524916943521595,0.060311586324278854,5
0.07512764930725098,0.024117051499979007,0.020394611358642577,0.005409278455459395,1.0,0.1,1,10.0,1.0,"{'clf__colsample_bytree': 1.0, 'clf__learning_rate': 0.1, 'clf__max_depth': 1, 'clf__reg_lambda': 10.0, 'clf__subsample': 1.0}",0.5116279069767442,0.5116279069767442,0.5714285714285714,0.5,0.42857142857142855,0.5046511627906975,0.04553313408375233,129
0.09347057342529297,0.032394281648167746,0.0226773738861084,0.008913058692252456,1.0,0.1,1,100.0,0.6,"{'clf__colsample_bytree': 1.0, 'clf__learning_rate': 0.1, 'clf__max_depth': 1, 'clf__reg_lambda': 100.0, 'clf__subsample': 0.6}",0.37209302325581395,0.4883720930232558,0.5,0.6190476190476191,0.5476190476190477,0.5054263565891473,0.0809791151944584,105
0.06198196411132813,0.012977167289584904,0.0206728458404541,0.003516541017505665,1.0,0.1,1,100.0,1.0,"{'clf__colsample_bytree': 1.0, 'clf__learning_rate': 0.1, 'clf__max_depth': 1, 'clf__reg_lambda': 100.0, 'clf__subsample': 1.0}",0.46511627906976744,0.5116279069767442,0.5476190476190477,0.5,0.5,0.5048726467331118,0.026461075079500317,116
0.0853693962097168,0.014241911404362857,0.02030940055847168,0.004927704058768192,1.0,0.1,2,1.0,0.6,"{'clf__colsample_bytree': 1.0, 'clf__learning_rate': 0.1, 'clf__max_depth': 2, 'clf__reg_lambda': 1.0, 'clf__subsample': 0.6}",0.4186046511627907,0.5116279069767442,0.5238095238095238,0.5952380952380952,0.5714285714285714,0.5241417497231451,0.06096805665175696,46
0.08087782859802246,0.02287332962728347,0.018497180938720704,0.00239027873835037,1.0,0.1,2,1.0,1.0,"{'clf__colsample_bytree': 1.0, 'clf__learning_rate': 0.1, 'clf__max_depth': 2, 'clf__reg_lambda': 1.0, 'clf__subsample': 1.0}",0.46511627906976744,0.5348837209302325,0.5476190476190477,0.6190476190476191,0.5,0.5333333333333334,0.05161027361557637,20
0.11366000175476074,0.024693103638273844,0.020515584945678712,0.001155626334520349,1.0,0.1,2,10.0,0.6,"{'clf__colsample_bytree': 1.0, 'clf__learning_rate': 0.1, 'clf__max_depth': 2, 'clf__reg_lambda': 10.0, 'clf__subsample': 0.6}",0.4186046511627907,0.4883720930232558,0.5952380952380952,0.5476190476190477,0.5238095238095238,0.5147286821705427,0.059296715837132856,76
0.0814598560333252,0.010491383482715406,0.020766401290893556,0.0024932736902206617,1.0,0.1,2,10.0,1.0,"{'clf__colsample_bytree': 1.0, 'clf__learning_rate': 0.1, 'clf__max_depth': 2, 'clf__reg_lambda': 10.0, 'clf__subsample': 1.0}",0.3953488372093023,0.5348837209302325,0.5952380952380952,0.5952380952380952,0.4523809523809524,0.5146179401993356,0.07938322523850089,79
0.11570792198181153,0.05007606199506553,0.021474599838256836,0.005148471076013943,1.0,0.1,2,100.0,0.6,"{'clf__colsample_bytree': 1.0, 'clf__learning_rate': 0.1, 'clf__max_depth': 2, 'clf__reg_lambda': 100.0, 'clf__subsample': 0.6}",0.4418604651162791,0.5348837209302325,0.5,0.5714285714285714,0.47619047619047616,0.5048726467331118,0.04504952899169541,116
0.12111124992370606,0.07367560990498646,0.018137407302856446,0.003425543585270586,1.0,0.1,2,100.0,1.0,"{'clf__colsample_bytree': 1.0, 'clf__learning_rate': 0.1, 'clf__max_depth': 2, 'clf__reg_lambda': 100.0, 'clf__subsample': 1.0}",0.4186046511627907,0.5348837209302325,0.5476190476190477,0.5476190476190477,0.5,0.5097452934662237,0.04879010241195538,100
0.09537229537963868,0.004576830831757977,0.021605682373046876,0.0038805976374183837,1.0,0.1,3,1.0,0.6,"{'clf__colsample_bytree': 1.0, 'clf__learning_rate': 0.1, 'clf__max_depth': 3, 'clf__reg_lambda': 1.0, 'clf__subsample': 0.6}",0.4418604651162791,0.5581395348837209,0.4523809523809524,0.5952380952380952,0.5476190476190477,0.519047619047619,0.06091271501574274,74
0.10041508674621583,0.018617282179190116,0.01719069480895996,0.0007804513231608798,1.0,0.1,3,1.0,1.0,"{'clf__colsample_bytree': 1.0, 'clf__learning_rate': 0.1, 'clf__max_depth': 3, 'clf__reg_lambda': 1.0, 'clf__subsample': 1.0}",0.4418604651162791,0.5116279069767442,0.5476190476190477,0.5714285714285714,0.4523809523809524,0.504983388704319,0.05104592271843135,112
0.10611038208007813,0.01468216409004453,0.026128244400024415,0.005187178520510875,1.0,0.1,3,10.0,0.6,"{'clf__colsample_bytree': 1.0, 'clf__learning_rate': 0.1, 'clf__max_depth': 3, 'clf__reg_lambda': 10.0, 'clf__subsample': 0.6}",0.4418604651162791,0.4883720930232558,0.5714285714285714,0.6190476190476191,0.5238095238095238,0.5289036544850498,0.061934767886009476,24
0.10432329177856445,0.008314393261608773,0.018598318099975586,0.0018930948944711086,1.0,0.1,3,10.0,1.0,"{'clf__colsample_bytree': 1.0, 'clf__learning_rate': 0.1, 'clf__max_depth': 3, 'clf__reg_lambda': 10.0, 'clf__subsample': 1.0}",0.4418604651162791,0.5116279069767442,0.5714285714285714,0.5476190476190477,0.47619047619047616,0.5097452934662238,0.0468552407953455,98
0.14692258834838867,0.06587553265608155,0.018458032608032228,0.0022785288852652645,1.0,0.1,3,100.0,0.6,"{'clf__colsample_bytree': 1.0, 'clf__learning_rate': 0.1, 'clf__max_depth': 3, 'clf__reg_lambda': 100.0, 'clf__subsample': 0.6}",0.4186046511627907,0.4883720930232558,0.5714285714285714,0.5952380952380952,0.5952380952380952,0.5337763012181618,0.06971204888479234,15
0.1815878391265869,0.13819902490777927,0.017520952224731445,0.000636558682449752,1.0,0.1,3,100.0,1.0,"{'clf__colsample_bytree': 1.0, 'clf__learning_rate': 0.1, 'clf__max_depth': 3, 'clf__reg_lambda': 100.0, 'clf__subsample': 1.0}",0.4418604651162791,0.5116279069767442,0.6190476190476191,0.5476190476190477,0.5,0.524031007751938,0.05842580999239782,49
