mean_fit_time,std_fit_time,mean_score_time,std_score_time,param_clf__class_weight,param_clf__max_depth,param_clf__max_features,param_clf__min_samples_leaf,param_clf__n_estimators,params,split0_test_score,split1_test_score,split2_test_score,split3_test_score,split4_test_score,mean_test_score,std_test_score,rank_test_score
0.6993913173675537,0.0432461061249453,0.08311195373535156,0.0032281376209368634,,,sqrt,1,300,"{'clf__class_weight': None, 'clf__max_depth': None, 'clf__max_features': 'sqrt', 'clf__min_samples_leaf': 1, 'clf__n_estimators': 300}",0.5526315789473685,0.631578947368421,0.5,0.631578947368421,0.5135135135135135,0.5658605974395449,0.05637489770397377,20
1.6946856021881103,0.05673564723112984,0.16987075805664062,0.004288350761803067,,,sqrt,1,800,"{'clf__class_weight': None, 'clf__max_depth': None, 'clf__max_features': 'sqrt', 'clf__min_samples_leaf': 1, 'clf__n_estimators': 800}",0.5263157894736842,0.5526315789473685,0.5,0.6052631578947368,0.5135135135135135,0.5395448079658606,0.0371660924776458,95
0.5750803470611572,0.025067978653528306,0.08423118591308594,0.004760072995705031,,,sqrt,3,300,"{'clf__class_weight': None, 'clf__max_depth': None, 'clf__max_features': 'sqrt', 'clf__min_samples_leaf': 3, 'clf__n_estimators': 300}",0.5263157894736842,0.5789473684210527,0.47368421052631576,0.6052631578947368,0.5135135135135135,0.5395448079658606,0.04703555422023688,95
1.4985071659088134,0.1336456253001601,0.1672642707824707,0.005200890967867806,,,sqrt,3,800,"{'clf__class_weight': None, 'clf__max_depth': None, 'clf__max_features': 'sqrt', 'clf__min_samples_leaf': 3, 'clf__n_estimators': 800}",0.5263157894736842,0.5263157894736842,0.47368421052631576,0.6578947368421053,0.5135135135135135,0.5395448079658606,0.06224462404337173,95
0.5203127384185791,0.011990788768219272,0.07803006172180176,0.004523564701431177,,,sqrt,5,300,"{'clf__class_weight': None, 'clf__max_depth': None, 'clf__max_features': 'sqrt', 'clf__min_samples_leaf': 5, 'clf__n_estimators': 300}",0.5263157894736842,0.5263157894736842,0.47368421052631576,0.6052631578947368,0.5135135135135135,0.5290184921763869,0.04273206136700376,128
1.4640931606292724,0.051064954233248264,0.16281704902648925,0.0066841878141508495,,,sqrt,5,800,"{'clf__class_weight': None, 'clf__max_depth': None, 'clf__max_features': 'sqrt', 'clf__min_samples_leaf': 5, 'clf__n_estimators': 800}",0.5263157894736842,0.5,0.47368421052631576,0.631578947368421,0.5405405405405406,0.5344238975817923,0.05369650406784194,109
0.5348102569580078,0.01734231572549311,0.06631412506103515,0.00896482313318295,,,sqrt,8,300,"{'clf__class_weight': None, 'clf__max_depth': None, 'clf__max_features': 'sqrt', 'clf__min_samples_leaf': 8, 'clf__n_estimators': 300}",0.5,0.6052631578947368,0.5789473684210527,0.6578947368421053,0.5405405405405406,0.576529160739687,0.05404394604899667,1
1.4012502193450929,0.039101613728155495,0.18160386085510255,0.037531883992943126,,,sqrt,8,800,"{'clf__class_weight': None, 'clf__max_depth': None, 'clf__max_features': 'sqrt', 'clf__min_samples_leaf': 8, 'clf__n_estimators': 800}",0.5526315789473685,0.5526315789473685,0.5789473684210527,0.631578947368421,0.4864864864864865,0.5604551920341394,0.0468920812168405,36
0.9395240306854248,0.05388372010959131,0.08553481101989746,0.004449583758045586,,,0.25,1,300,"{'clf__class_weight': None, 'clf__max_depth': None, 'clf__max_features': 0.25, 'clf__min_samples_leaf': 1, 'clf__n_estimators': 300}",0.5526315789473685,0.5263157894736842,0.4473684210526316,0.6052631578947368,0.5135135135135135,0.529018492176387,0.05154661967017137,124
3.146732521057129,0.1688406965987221,0.170359468460083,0.0051330127834498685,,,0.25,1,800,"{'clf__class_weight': None, 'clf__max_depth': None, 'clf__max_features': 0.25, 'clf__min_samples_leaf': 1, 'clf__n_estimators': 800}",0.5526315789473685,0.5263157894736842,0.4473684210526316,0.6052631578947368,0.5135135135135135,0.529018492176387,0.05154661967017137,124
0.9631032943725586,0.10973723949919681,0.0878422737121582,0.0035543716825961903,,,0.25,3,300,"{'clf__class_weight': None, 'clf__max_depth': None, 'clf__max_features': 0.25, 'clf__min_samples_leaf': 3, 'clf__n_estimators': 300}",0.5526315789473685,0.5,0.5,0.6052631578947368,0.5135135135135135,0.5342816500711238,0.0403902782905748,111
2.650891637802124,0.12980547201378684,0.16413168907165526,0.003113972849172453,,,0.25,3,800,"{'clf__class_weight': None, 'clf__max_depth': None, 'clf__max_features': 0.25, 'clf__min_samples_leaf': 3, 'clf__n_estimators': 800}",0.5526315789473685,0.5,0.5263157894736842,0.6052631578947368,0.5405405405405406,0.5449502133712659,0.03488226857529811,74
0.8263556957244873,0.04741585663358392,0.08402199745178222,0.002564454798511643,,,0.25,5,300,"{'clf__class_weight': None, 'clf__max_depth': None, 'clf__max_features': 0.25, 'clf__min_samples_leaf': 5, 'clf__n_estimators': 300}",0.5526315789473685,0.5,0.5263157894736842,0.6052631578947368,0.5135135135135135,0.5395448079658606,0.0371660924776458,95
2.320191526412964,0.13473029384573462,0.15530309677124024,0.016438840204919362,,,0.25,5,800,"{'clf__class_weight': None, 'clf__max_depth': None, 'clf__max_features': 0.25, 'clf__min_samples_leaf': 5, 'clf__n_estimators': 800}",0.5526315789473685,0.5,0.5263157894736842,0.6052631578947368,0.5405405405405406,0.5449502133712659,0.03488226857529811,74
0.6626753807067871,0.030046852259190203,0.08352584838867187,0.004412301343696333,,,0.25,8,300,"{'clf__class_weight': None, 'clf__max_depth': None, 'clf__max_features': 0.25, 'clf__min_samples_leaf': 8, 'clf__n_estimators': 300}",0.5526315789473685,0.5263157894736842,0.5263157894736842,0.6052631578947368,0.4594594594594595,0.5339971550497866,0.04711679049688117,122
2.100954532623291,0.05404331116932794,0.16238112449645997,0.01749997598032199,,,0.25,8,800,"{'clf__class_weight': None, 'clf__max_depth': None, 'clf__max_features': 0.25, 'clf__min_samples_leaf': 8, 'clf__n_estimators': 800}",0.5526315789473685,0.5263157894736842,0.5526315789473685,0.631578947368421,0.5405405405405406,0.5607396870554766,0.03672245601950999,26
1.53035306930542,0.13175982884156634,0.08629803657531739,0.002662598716332278,,,0.5,1,300,"{'clf__class_weight': None, 'clf__max_depth': None, 'clf__max_features': 0.5, 'clf__min_samples_leaf': 1, 'clf__n_estimators': 300}",0.5263157894736842,0.5526315789473685,0.47368421052631576,0.6052631578947368,0.4864864864864865,0.5288762446657184,0.047431813334975266,132
4.720379066467285,0.1543049798979494,0.17730865478515626,0.009821376992383954,,,0.5,1,800,"{'clf__class_weight': None, 'clf__max_depth': None, 'clf__max_features': 0.5, 'clf__min_samples_leaf': 1, 'clf__n_estimators': 800}",0.5263157894736842,0.5526315789473685,0.47368421052631576,0.5789473684210527,0.4864864864864865,0.5236130867709815,0.03945259775365734,140
1.2696847915649414,0.06876630935846541,0.08045554161071777,0.012207769221671059,,,0.5,3,300,"{'clf__class_weight': None, 'clf__max_depth': None, 'clf__max_features': 0.5, 'clf__min_samples_leaf': 3, 'clf__n_estimators': 300}",0.5263157894736842,0.47368421052631576,0.5526315789473685,0.6052631578947368,0.5405405405405406,0.5396870554765292,0.042435081310268775,90
4.098155927658081,0.15275590369906605,0.16154060363769532,0.011966631175909874,,,0.5,3,800,"{'clf__class_weight': None, 'clf__max_depth': None, 'clf__max_features': 0.5, 'clf__min_samples_leaf': 3, 'clf__n_estimators': 800}",0.5526315789473685,0.5,0.5526315789473685,0.631578947368421,0.5405405405405406,0.5554765291607398,0.0426813649835032,41
1.204433536529541,0.05799993738852047,0.0794184684753418,0.0039023116121052253,,,0.5,5,300,"{'clf__class_weight': None, 'clf__max_depth': None, 'clf__max_features': 0.5, 'clf__min_samples_leaf': 5, 'clf__n_estimators': 300}",0.5526315789473685,0.5526315789473685,0.5263157894736842,0.6578947368421053,0.5675675675675675,0.5714082503556188,0.0452396286363875,5
3.803632354736328,0.11549581839672193,0.18013253211975097,0.011130465385252773,,,0.5,5,800,"{'clf__class_weight': None, 'clf__max_depth': None, 'clf__max_features': 0.5, 'clf__min_samples_leaf': 5, 'clf__n_estimators': 800}",0.5526315789473685,0.5526315789473685,0.5526315789473685,0.631578947368421,0.5405405405405406,0.5660028449502134,0.03312076816068917,16
1.2884037971496582,0.04761608576380473,0.07724905014038086,0.004536271767870223,,,0.5,8,300,"{'clf__class_weight': None, 'clf__max_depth': None, 'clf__max_features': 0.5, 'clf__min_samples_leaf': 8, 'clf__n_estimators': 300}",0.5526315789473685,0.5263157894736842,0.47368421052631576,0.631578947368421,0.5675675675675675,0.5503556187766714,0.05168187016626204,52
3.1905856132507324,0.12515804497030245,0.15577998161315917,0.006704268632592999,,,0.5,8,800,"{'clf__class_weight': None, 'clf__max_depth': None, 'clf__max_features': 0.5, 'clf__min_samples_leaf': 8, 'clf__n_estimators': 800}",0.5526315789473685,0.5526315789473685,0.5263157894736842,0.6578947368421053,0.5675675675675675,0.5714082503556188,0.0452396286363875,5
0.730724573135376,0.08167478508742182,0.08593306541442872,0.004660358125234522,,5,sqrt,1,300,"{'clf__class_weight': None, 'clf__max_depth': 5, 'clf__max_features': 'sqrt', 'clf__min_samples_leaf': 1, 'clf__n_estimators': 300}",0.5,0.6052631578947368,0.5263157894736842,0.5789473684210527,0.4864864864864865,0.539402560455192,0.045662558757826044,102
1.7700714111328124,0.0312742228824022,0.14849653244018554,0.007196457498113142,,5,sqrt,1,800,"{'clf__class_weight': None, 'clf__max_depth': 5, 'clf__max_features': 'sqrt', 'clf__min_samples_leaf': 1, 'clf__n_estimators': 800}",0.5263157894736842,0.5526315789473685,0.5263157894736842,0.631578947368421,0.4594594594594595,0.5392603129445235,0.05550642955393717,107
0.564106035232544,0.03419017772143071,0.07264494895935059,0.00200212570980611,,5,sqrt,3,300,"{'clf__class_weight': None, 'clf__max_depth': 5, 'clf__max_features': 'sqrt', 'clf__min_samples_leaf': 3, 'clf__n_estimators': 300}",0.5263157894736842,0.5526315789473685,0.5263157894736842,0.6578947368421053,0.4594594594594595,0.5445234708392603,0.06452551545803287,88
1.7348570346832275,0.0609294003475839,0.12230639457702637,0.0037189435801092295,,5,sqrt,3,800,"{'clf__class_weight': None, 'clf__max_depth': 5, 'clf__max_features': 'sqrt', 'clf__min_samples_leaf': 3, 'clf__n_estimators': 800}",0.5263157894736842,0.5263157894736842,0.5263157894736842,0.6578947368421053,0.4864864864864865,0.5446657183499288,0.05867843440006139,85
0.6204049110412597,0.03850011304487588,0.0700838565826416,0.012552351114222825,,5,sqrt,5,300,"{'clf__class_weight': None, 'clf__max_depth': 5, 'clf__max_features': 'sqrt', 'clf__min_samples_leaf': 5, 'clf__n_estimators': 300}",0.5263157894736842,0.5789473684210527,0.5263157894736842,0.631578947368421,0.5135135135135135,0.555334281650071,0.04428080699641911,47
1.5960329055786133,0.10528897355971881,0.14760818481445312,0.03019085589446055,,5,sqrt,5,800,"{'clf__class_weight': None, 'clf__max_depth': 5, 'clf__max_features': 'sqrt', 'clf__min_samples_leaf': 5, 'clf__n_estimators': 800}",0.5263157894736842,0.5,0.5526315789473685,0.6578947368421053,0.5135135135135135,0.5500711237553343,0.056639879373854486,64
0.5492875576019287,0.023366984032844297,0.059513521194458005,0.006607340737086135,,5,sqrt,8,300,"{'clf__class_weight': None, 'clf__max_depth': 5, 'clf__max_features': 'sqrt', 'clf__min_samples_leaf': 8, 'clf__n_estimators': 300}",0.5263157894736842,0.5789473684210527,0.5526315789473685,0.631578947368421,0.5135135135135135,0.560597439544808,0.04202541350148529,34
1.4252733707427978,0.03842609703982625,0.1695183753967285,0.0038072026976379053,,5,sqrt,8,800,"{'clf__class_weight': None, 'clf__max_depth': 5, 'clf__max_features': 'sqrt', 'clf__min_samples_leaf': 8, 'clf__n_estimators': 800}",0.5526315789473685,0.5263157894736842,0.5789473684210527,0.631578947368421,0.5135135135135135,0.560597439544808,0.04202541350148529,34
0.8088981151580811,0.04066996490499388,0.08567585945129394,0.005993297541076871,,5,0.25,1,300,"{'clf__class_weight': None, 'clf__max_depth': 5, 'clf__max_features': 0.25, 'clf__min_samples_leaf': 1, 'clf__n_estimators': 300}",0.5526315789473685,0.5263157894736842,0.5,0.6052631578947368,0.4864864864864865,0.5341394025604551,0.042185441326705306,116
2.477049779891968,0.048456110026865104,0.1546419620513916,0.018408717814460733,,5,0.25,1,800,"{'clf__class_weight': None, 'clf__max_depth': 5, 'clf__max_features': 0.25, 'clf__min_samples_leaf': 1, 'clf__n_estimators': 800}",0.5526315789473685,0.5263157894736842,0.5263157894736842,0.6052631578947368,0.5135135135135135,0.5448079658605974,0.032800314292303664,84
0.8829235553741455,0.04156006963859635,0.078892183303833,0.010041187644076598,,5,0.25,3,300,"{'clf__class_weight': None, 'clf__max_depth': 5, 'clf__max_features': 0.25, 'clf__min_samples_leaf': 3, 'clf__n_estimators': 300}",0.5263157894736842,0.5263157894736842,0.5,0.6052631578947368,0.5675675675675675,0.5450924608819345,0.037051585678004796,72
2.6239417552948,0.09636276598342111,0.13281536102294922,0.027838436912145284,,5,0.25,3,800,"{'clf__class_weight': None, 'clf__max_depth': 5, 'clf__max_features': 0.25, 'clf__min_samples_leaf': 3, 'clf__n_estimators': 800}",0.5263157894736842,0.5,0.5,0.631578947368421,0.5675675675675675,0.5450924608819345,0.04980816441359547,72
0.8931209564208984,0.04072290590728042,0.07449121475219726,0.009186125761389064,,5,0.25,5,300,"{'clf__class_weight': None, 'clf__max_depth': 5, 'clf__max_features': 0.25, 'clf__min_samples_leaf': 5, 'clf__n_estimators': 300}",0.5526315789473685,0.5,0.5263157894736842,0.631578947368421,0.5405405405405406,0.5502133712660028,0.04429953820646456,61
2.4899501323699953,0.10210386117641565,0.16121435165405273,0.0021248635940629194,,5,0.25,5,800,"{'clf__class_weight': None, 'clf__max_depth': 5, 'clf__max_features': 0.25, 'clf__min_samples_leaf': 5, 'clf__n_estimators': 800}",0.5526315789473685,0.5,0.5526315789473685,0.6052631578947368,0.5405405405405406,0.5502133712660029,0.033636648979321525,59
0.8190675735473633,0.08939384002937496,0.07443346977233886,0.011351747373253469,,5,0.25,8,300,"{'clf__class_weight': None, 'clf__max_depth': 5, 'clf__max_features': 0.25, 'clf__min_samples_leaf': 8, 'clf__n_estimators': 300}",0.5263157894736842,0.5263157894736842,0.5789473684210527,0.6578947368421053,0.4864864864864865,0.5551920341394025,0.0591612852117813,50
2.108528804779053,0.018233520654091066,0.18298540115356446,0.008473805345763504,,5,0.25,8,800,"{'clf__class_weight': None, 'clf__max_depth': 5, 'clf__max_features': 0.25, 'clf__min_samples_leaf': 8, 'clf__n_estimators': 800}",0.5526315789473685,0.5263157894736842,0.5526315789473685,0.631578947368421,0.5405405405405406,0.5607396870554766,0.03672245601950999,26
1.2556926250457763,0.04505291403140089,0.08390941619873046,0.004519887640280468,,5,0.5,1,300,"{'clf__class_weight': None, 'clf__max_depth': 5, 'clf__max_features': 0.5, 'clf__min_samples_leaf': 1, 'clf__n_estimators': 300}",0.5526315789473685,0.5526315789473685,0.47368421052631576,0.6052631578947368,0.5405405405405406,0.5449502133712659,0.042080747158978124,74
3.663578176498413,0.1714598325793735,0.1687079429626465,0.011808761794677037,,5,0.5,1,800,"{'clf__class_weight': None, 'clf__max_depth': 5, 'clf__max_features': 0.5, 'clf__min_samples_leaf': 1, 'clf__n_estimators': 800}",0.5263157894736842,0.5,0.5263157894736842,0.631578947368421,0.4864864864864865,0.5341394025604551,0.05109438707604601,116
1.2263601779937745,0.08215061808288007,0.08323507308959961,0.004765808046753407,,5,0.5,3,300,"{'clf__class_weight': None, 'clf__max_depth': 5, 'clf__max_features': 0.5, 'clf__min_samples_leaf': 3, 'clf__n_estimators': 300}",0.5263157894736842,0.5263157894736842,0.5263157894736842,0.6052631578947368,0.5675675675675675,0.5503556187766714,0.03176422267877055,52
3.4179826259613035,0.11652454551792073,0.16173920631408692,0.00884396876567989,,5,0.5,3,800,"{'clf__class_weight': None, 'clf__max_depth': 5, 'clf__max_features': 0.5, 'clf__min_samples_leaf': 3, 'clf__n_estimators': 800}",0.5526315789473685,0.5263157894736842,0.5526315789473685,0.6052631578947368,0.5675675675675675,0.5608819345661451,0.025866371198904815,22
1.1292312622070313,0.07705954817533693,0.08693895339965821,0.003098939303276383,,5,0.5,5,300,"{'clf__class_weight': None, 'clf__max_depth': 5, 'clf__max_features': 0.5, 'clf__min_samples_leaf': 5, 'clf__n_estimators': 300}",0.5263157894736842,0.5263157894736842,0.5,0.631578947368421,0.5675675675675675,0.5503556187766714,0.0460108583204416,52
3.0676122665405274,0.08769220484772476,0.15720715522766113,0.015974054881420084,,5,0.5,5,800,"{'clf__class_weight': None, 'clf__max_depth': 5, 'clf__max_features': 0.5, 'clf__min_samples_leaf': 5, 'clf__n_estimators': 800}",0.5526315789473685,0.5526315789473685,0.5526315789473685,0.6052631578947368,0.5675675675675675,0.566145092460882,0.02039652725910088,9
0.9703405380249024,0.05052328456571545,0.08333425521850586,0.006344508511569922,,5,0.5,8,300,"{'clf__class_weight': None, 'clf__max_depth': 5, 'clf__max_features': 0.5, 'clf__min_samples_leaf': 8, 'clf__n_estimators': 300}",0.5526315789473685,0.5263157894736842,0.5263157894736842,0.631578947368421,0.5675675675675675,0.560881934566145,0.03873104813644287,25
2.7563918590545655,0.09399087809237502,0.16943416595458985,0.007633115520562189,,5,0.5,8,800,"{'clf__class_weight': None, 'clf__max_depth': 5, 'clf__max_features': 0.5, 'clf__min_samples_leaf': 8, 'clf__n_estimators': 800}",0.5526315789473685,0.5526315789473685,0.5263157894736842,0.631578947368421,0.5675675675675675,0.566145092460882,0.035313499613875254,9
0.7057623863220215,0.05515451750198114,0.0767242431640625,0.012596840875064621,,10,sqrt,1,300,"{'clf__class_weight': None, 'clf__max_depth': 10, 'clf__max_features': 'sqrt', 'clf__min_samples_leaf': 1, 'clf__n_estimators': 300}",0.5263157894736842,0.631578947368421,0.47368421052631576,0.631578947368421,0.5405405405405406,0.5607396870554766,0.06198075159554467,26
1.6693613052368164,0.061428729713563245,0.1685793876647949,0.004543093521097015,,10,sqrt,1,800,"{'clf__class_weight': None, 'clf__max_depth': 10, 'clf__max_features': 'sqrt', 'clf__min_samples_leaf': 1, 'clf__n_estimators': 800}",0.5263157894736842,0.5526315789473685,0.5,0.631578947368421,0.4864864864864865,0.539402560455192,0.05137203415099047,102
0.5448796272277832,0.031121885996735862,0.0822293758392334,0.0065885215604322535,,10,sqrt,3,300,"{'clf__class_weight': None, 'clf__max_depth': 10, 'clf__max_features': 'sqrt', 'clf__min_samples_leaf': 3, 'clf__n_estimators': 300}",0.5263157894736842,0.5789473684210527,0.47368421052631576,0.6052631578947368,0.4864864864864865,0.5341394025604551,0.05109438707604603,116
1.3378319263458252,0.0458356420496175,0.15159430503845214,0.022044976598649155,,10,sqrt,3,800,"{'clf__class_weight': None, 'clf__max_depth': 10, 'clf__max_features': 'sqrt', 'clf__min_samples_leaf': 3, 'clf__n_estimators': 800}",0.5263157894736842,0.5,0.47368421052631576,0.6578947368421053,0.5135135135135135,0.5342816500711238,0.06422187612203374,111
0.5004331111907959,0.010810085338974781,0.0798004150390625,0.004920552712825091,,10,sqrt,5,300,"{'clf__class_weight': None, 'clf__max_depth': 10, 'clf__max_features': 'sqrt', 'clf__min_samples_leaf': 5, 'clf__n_estimators': 300}",0.5263157894736842,0.5263157894736842,0.47368421052631576,0.6052631578947368,0.5135135135135135,0.5290184921763869,0.04273206136700376,128
1.2939931869506835,0.03239734452295157,0.15954818725585937,0.008698995606814652,,10,sqrt,5,800,"{'clf__class_weight': None, 'clf__max_depth': 10, 'clf__max_features': 'sqrt', 'clf__min_samples_leaf': 5, 'clf__n_estimators': 800}",0.5263157894736842,0.5,0.47368421052631576,0.631578947368421,0.5405405405405406,0.5344238975817923,0.05369650406784194,109
0.5210127830505371,0.025814067253388424,0.07817883491516113,0.011036489705709833,,10,sqrt,8,300,"{'clf__class_weight': None, 'clf__max_depth': 10, 'clf__max_features': 'sqrt', 'clf__min_samples_leaf': 8, 'clf__n_estimators': 300}",0.5,0.6052631578947368,0.5789473684210527,0.6578947368421053,0.5405405405405406,0.576529160739687,0.05404394604899667,1
1.379366397857666,0.1159687241017473,0.17236485481262206,0.00462642933786209,,10,sqrt,8,800,"{'clf__class_weight': None, 'clf__max_depth': 10, 'clf__max_features': 'sqrt', 'clf__min_samples_leaf': 8, 'clf__n_estimators': 800}",0.5526315789473685,0.5526315789473685,0.5789473684210527,0.631578947368421,0.4864864864864865,0.5604551920341394,0.0468920812168405,36
0.9335050582885742,0.04321016177132357,0.08307476043701172,0.0027874809027463553,,10,0.25,1,300,"{'clf__class_weight': None, 'clf__max_depth': 10, 'clf__max_features': 0.25, 'clf__min_samples_leaf': 1, 'clf__n_estimators': 300}",0.5526315789473685,0.5526315789473685,0.4473684210526316,0.6052631578947368,0.5135135135135135,0.5342816500711238,0.05233935251211375,111
2.8840856552124023,0.14720129393406275,0.17941980361938475,0.007978899720405884,,10,0.25,1,800,"{'clf__class_weight': None, 'clf__max_depth': 10, 'clf__max_features': 0.25, 'clf__min_samples_leaf': 1, 'clf__n_estimators': 800}",0.5263157894736842,0.5263157894736842,0.47368421052631576,0.6052631578947368,0.5135135135135135,0.5290184921763869,0.04273206136700376,128
0.9084380626678467,0.05440132174047056,0.08620567321777343,0.0032328922531304313,,10,0.25,3,300,"{'clf__class_weight': None, 'clf__max_depth': 10, 'clf__max_features': 0.25, 'clf__min_samples_leaf': 3, 'clf__n_estimators': 300}",0.5263157894736842,0.5,0.5,0.6052631578947368,0.5135135135135135,0.5290184921763869,0.03935760102475846,128
2.456983947753906,0.05104493823634658,0.16957154273986816,0.006395695037524527,,10,0.25,3,800,"{'clf__class_weight': None, 'clf__max_depth': 10, 'clf__max_features': 0.25, 'clf__min_samples_leaf': 3, 'clf__n_estimators': 800}",0.5526315789473685,0.5,0.5,0.6052631578947368,0.5405405405405406,0.5396870554765292,0.039034956328396396,90
0.7730463981628418,0.032382500179769014,0.08448123931884766,0.0015897415749142243,,10,0.25,5,300,"{'clf__class_weight': None, 'clf__max_depth': 10, 'clf__max_features': 0.25, 'clf__min_samples_leaf': 5, 'clf__n_estimators': 300}",0.5526315789473685,0.5,0.5263157894736842,0.6052631578947368,0.5135135135135135,0.5395448079658606,0.0371660924776458,95
2.2098567485809326,0.1131403103522719,0.16350302696228028,0.009635217640688547,,10,0.25,5,800,"{'clf__class_weight': None, 'clf__max_depth': 10, 'clf__max_features': 0.25, 'clf__min_samples_leaf': 5, 'clf__n_estimators': 800}",0.5526315789473685,0.5,0.5263157894736842,0.6052631578947368,0.5405405405405406,0.5449502133712659,0.03488226857529811,74
0.714222002029419,0.057232587939374774,0.07733778953552246,0.005840333761603328,,10,0.25,8,300,"{'clf__class_weight': None, 'clf__max_depth': 10, 'clf__max_features': 0.25, 'clf__min_samples_leaf': 8, 'clf__n_estimators': 300}",0.5526315789473685,0.5263157894736842,0.5263157894736842,0.6052631578947368,0.4594594594594595,0.5339971550497866,0.04711679049688117,122
1.988623046875,0.12096060029428066,0.16991500854492186,0.002873497642078614,,10,0.25,8,800,"{'clf__class_weight': None, 'clf__max_depth': 10, 'clf__max_features': 0.25, 'clf__min_samples_leaf': 8, 'clf__n_estimators': 800}",0.5526315789473685,0.5263157894736842,0.5526315789473685,0.631578947368421,0.5405405405405406,0.5607396870554766,0.03672245601950999,26
1.5128864288330077,0.08144316410705085,0.08672118186950684,0.0050251860157245485,,10,0.5,1,300,"{'clf__class_weight': None, 'clf__max_depth': 10, 'clf__max_features': 0.5, 'clf__min_samples_leaf': 1, 'clf__n_estimators': 300}",0.5263157894736842,0.5526315789473685,0.4473684210526316,0.6052631578947368,0.4864864864864865,0.5236130867709815,0.05423604908876036,140
4.309358835220337,0.1557201821602994,0.1734860897064209,0.015023675220184322,,10,0.5,1,800,"{'clf__class_weight': None, 'clf__max_depth': 10, 'clf__max_features': 0.5, 'clf__min_samples_leaf': 1, 'clf__n_estimators': 800}",0.5263157894736842,0.5526315789473685,0.5,0.5789473684210527,0.4864864864864865,0.5288762446657184,0.03378969776791009,132
1.2743587017059326,0.05965820451374692,0.08486051559448242,0.0034263624072045787,,10,0.5,3,300,"{'clf__class_weight': None, 'clf__max_depth': 10, 'clf__max_features': 0.5, 'clf__min_samples_leaf': 3, 'clf__n_estimators': 300}",0.5263157894736842,0.47368421052631576,0.5526315789473685,0.6052631578947368,0.5405405405405406,0.5396870554765292,0.042435081310268775,90
3.722434234619141,0.04686958055576475,0.18590049743652343,0.015489709435009458,,10,0.5,3,800,"{'clf__class_weight': None, 'clf__max_depth': 10, 'clf__max_features': 0.5, 'clf__min_samples_leaf': 3, 'clf__n_estimators': 800}",0.5526315789473685,0.5263157894736842,0.5526315789473685,0.6052631578947368,0.5405405405405406,0.5554765291607398,0.026714521816004585,41
1.161669635772705,0.10410778209066573,0.08736705780029297,0.0085695359341684,,10,0.5,5,300,"{'clf__class_weight': None, 'clf__max_depth': 10, 'clf__max_features': 0.5, 'clf__min_samples_leaf': 5, 'clf__n_estimators': 300}",0.5526315789473685,0.5526315789473685,0.5263157894736842,0.6578947368421053,0.5675675675675675,0.5714082503556188,0.0452396286363875,5
3.155352973937988,0.09141343117155785,0.16239361763000487,0.003845360397548175,,10,0.5,5,800,"{'clf__class_weight': None, 'clf__max_depth': 10, 'clf__max_features': 0.5, 'clf__min_samples_leaf': 5, 'clf__n_estimators': 800}",0.5526315789473685,0.5526315789473685,0.5526315789473685,0.631578947368421,0.5405405405405406,0.5660028449502134,0.03312076816068917,16
0.9857152462005615,0.03488919225994096,0.08320045471191406,0.00538302741402755,,10,0.5,8,300,"{'clf__class_weight': None, 'clf__max_depth': 10, 'clf__max_features': 0.5, 'clf__min_samples_leaf': 8, 'clf__n_estimators': 300}",0.5526315789473685,0.5263157894736842,0.47368421052631576,0.631578947368421,0.5675675675675675,0.5503556187766714,0.05168187016626204,52
2.686035394668579,0.06452415994861666,0.16046295166015626,0.01218619870795541,,10,0.5,8,800,"{'clf__class_weight': None, 'clf__max_depth': 10, 'clf__max_features': 0.5, 'clf__min_samples_leaf': 8, 'clf__n_estimators': 800}",0.5526315789473685,0.5526315789473685,0.5263157894736842,0.6578947368421053,0.5675675675675675,0.5714082503556188,0.0452396286363875,5
0.6813343524932861,0.04743425208604114,0.08280606269836426,0.0040526341696235785,balanced,,sqrt,1,300,"{'clf__class_weight': 'balanced', 'clf__max_depth': None, 'clf__max_features': 'sqrt', 'clf__min_samples_leaf': 1, 'clf__n_estimators': 300}",0.5,0.6052631578947368,0.5263157894736842,0.631578947368421,0.5135135135135135,0.555334281650071,0.052837626735140565,47
1.854571485519409,0.03879839702081136,0.09521541595458985,0.007397611559719395,balanced,,sqrt,1,800,"{'clf__class_weight': 'balanced', 'clf__max_depth': None, 'clf__max_features': 'sqrt', 'clf__min_samples_leaf': 1, 'clf__n_estimators': 800}",0.5263157894736842,0.5526315789473685,0.5263157894736842,0.5789473684210527,0.5135135135135135,0.5395448079658606,0.02345833539083705,95
0.5663974761962891,0.0652993819172658,0.0668715000152588,0.009742910599036165,balanced,,sqrt,3,300,"{'clf__class_weight': 'balanced', 'clf__max_depth': None, 'clf__max_features': 'sqrt', 'clf__min_samples_leaf': 3, 'clf__n_estimators': 300}",0.5263157894736842,0.5526315789473685,0.47368421052631576,0.6052631578947368,0.5135135135135135,0.5342816500711238,0.04368504195533508,111
1.6219223976135253,0.08663956278265143,0.09386167526245118,0.006628965917437809,balanced,,sqrt,3,800,"{'clf__class_weight': 'balanced', 'clf__max_depth': None, 'clf__max_features': 'sqrt', 'clf__min_samples_leaf': 3, 'clf__n_estimators': 800}",0.5263157894736842,0.5263157894736842,0.47368421052631576,0.6578947368421053,0.5135135135135135,0.5395448079658606,0.06224462404337173,95
0.5334145545959472,0.06645170227835642,0.06130728721618652,0.004096704172396833,balanced,,sqrt,5,300,"{'clf__class_weight': 'balanced', 'clf__max_depth': None, 'clf__max_features': 'sqrt', 'clf__min_samples_leaf': 5, 'clf__n_estimators': 300}",0.5263157894736842,0.631578947368421,0.47368421052631576,0.6052631578947368,0.5135135135135135,0.5500711237553343,0.05903460210532542,64
1.4357885837554931,0.04395071091717144,0.1493297576904297,0.03101872311109423,balanced,,sqrt,5,800,"{'clf__class_weight': 'balanced', 'clf__max_depth': None, 'clf__max_features': 'sqrt', 'clf__min_samples_leaf': 5, 'clf__n_estimators': 800}",0.5263157894736842,0.5263157894736842,0.47368421052631576,0.631578947368421,0.5405405405405406,0.5396870554765292,0.05130069255436074,90
0.4527224063873291,0.03142645357468385,0.06381845474243164,0.006280078698251362,balanced,,sqrt,8,300,"{'clf__class_weight': 'balanced', 'clf__max_depth': None, 'clf__max_features': 'sqrt', 'clf__min_samples_leaf': 8, 'clf__n_estimators': 300}",0.5,0.6052631578947368,0.5789473684210527,0.6578947368421053,0.5405405405405406,0.576529160739687,0.05404394604899667,1
1.4436903953552247,0.22386971547880488,0.16950178146362305,0.009358723142683687,balanced,,sqrt,8,800,"{'clf__class_weight': 'balanced', 'clf__max_depth': None, 'clf__max_features': 'sqrt', 'clf__min_samples_leaf': 8, 'clf__n_estimators': 800}",0.5263157894736842,0.5263157894736842,0.5789473684210527,0.631578947368421,0.4864864864864865,0.5499288762446657,0.050296917509210955,70
1.0232064247131347,0.07951332065366565,0.08269920349121093,0.004037279298633184,balanced,,0.25,1,300,"{'clf__class_weight': 'balanced', 'clf__max_depth': None, 'clf__max_features': 0.25, 'clf__min_samples_leaf': 1, 'clf__n_estimators': 300}",0.5526315789473685,0.5526315789473685,0.4473684210526316,0.5789473684210527,0.5135135135135135,0.529018492176387,0.04585888549586311,124
2.977305269241333,0.09746859174585411,0.1749587059020996,0.004831734844911201,balanced,,0.25,1,800,"{'clf__class_weight': 'balanced', 'clf__max_depth': None, 'clf__max_features': 0.25, 'clf__min_samples_leaf': 1, 'clf__n_estimators': 800}",0.5,0.5,0.47368421052631576,0.5789473684210527,0.5135135135135135,0.5132290184921764,0.03530662303982323,144
0.9765438079833985,0.027370005095786503,0.08502359390258789,0.0044054449018084306,balanced,,0.25,3,300,"{'clf__class_weight': 'balanced', 'clf__max_depth': None, 'clf__max_features': 0.25, 'clf__min_samples_leaf': 3, 'clf__n_estimators': 300}",0.5263157894736842,0.47368421052631576,0.5,0.6052631578947368,0.5135135135135135,0.5237553342816501,0.044331500029965276,138
2.4534895420074463,0.10361305119184838,0.17421283721923828,0.009156643019496685,balanced,,0.25,3,800,"{'clf__class_weight': 'balanced', 'clf__max_depth': None, 'clf__max_features': 0.25, 'clf__min_samples_leaf': 3, 'clf__n_estimators': 800}",0.5526315789473685,0.5,0.5263157894736842,0.6052631578947368,0.5405405405405406,0.5449502133712659,0.03488226857529811,74
0.7945687770843506,0.027152849678058363,0.08082499504089355,0.0051193392769532005,balanced,,0.25,5,300,"{'clf__class_weight': 'balanced', 'clf__max_depth': None, 'clf__max_features': 0.25, 'clf__min_samples_leaf': 5, 'clf__n_estimators': 300}",0.5526315789473685,0.5263157894736842,0.5,0.6578947368421053,0.5135135135135135,0.5500711237553343,0.056639879373854486,64
2.109098768234253,0.0611936172849567,0.17219271659851074,0.0023874433988519505,balanced,,0.25,5,800,"{'clf__class_weight': 'balanced', 'clf__max_depth': None, 'clf__max_features': 0.25, 'clf__min_samples_leaf': 5, 'clf__n_estimators': 800}",0.5526315789473685,0.5,0.5263157894736842,0.6052631578947368,0.5405405405405406,0.5449502133712659,0.03488226857529811,74
0.7003716468811035,0.03131887438623373,0.08154191970825195,0.002154207787438827,balanced,,0.25,8,300,"{'clf__class_weight': 'balanced', 'clf__max_depth': None, 'clf__max_features': 0.25, 'clf__min_samples_leaf': 8, 'clf__n_estimators': 300}",0.5526315789473685,0.5,0.5526315789473685,0.6052631578947368,0.4594594594594595,0.5339971550497867,0.04996999356590212,120
2.1075653553009035,0.09622724728426978,0.11102857589721679,0.015592538329469044,balanced,,0.25,8,800,"{'clf__class_weight': 'balanced', 'clf__max_depth': None, 'clf__max_features': 0.25, 'clf__min_samples_leaf': 8, 'clf__n_estimators': 800}",0.5526315789473685,0.5263157894736842,0.5526315789473685,0.631578947368421,0.5405405405405406,0.5607396870554766,0.03672245601950999,26
1.6656182765960694,0.11318978915195703,0.07618126869201661,0.009371669269471286,balanced,,0.5,1,300,"{'clf__class_weight': 'balanced', 'clf__max_depth': None, 'clf__max_features': 0.5, 'clf__min_samples_leaf': 1, 'clf__n_estimators': 300}",0.5263157894736842,0.5789473684210527,0.4473684210526316,0.5789473684210527,0.4864864864864865,0.5236130867709815,0.05161918936315367,140
4.852101898193359,0.12825906882236177,0.1769496440887451,0.008626145954681872,balanced,,0.5,1,800,"{'clf__class_weight': 'balanced', 'clf__max_depth': None, 'clf__max_features': 0.5, 'clf__min_samples_leaf': 1, 'clf__n_estimators': 800}",0.5263157894736842,0.5526315789473685,0.5,0.5789473684210527,0.4864864864864865,0.5288762446657184,0.03378969776791009,132
1.4096296310424805,0.12143333075904401,0.07652950286865234,0.013625051504834462,balanced,,0.5,3,300,"{'clf__class_weight': 'balanced', 'clf__max_depth': None, 'clf__max_features': 0.5, 'clf__min_samples_leaf': 3, 'clf__n_estimators': 300}",0.5526315789473685,0.5,0.5,0.631578947368421,0.5405405405405406,0.5449502133712659,0.048216241060004446,74
3.8516213417053224,0.06584008739081872,0.18313007354736327,0.016874080732001653,balanced,,0.5,3,800,"{'clf__class_weight': 'balanced', 'clf__max_depth': None, 'clf__max_features': 0.5, 'clf__min_samples_leaf': 3, 'clf__n_estimators': 800}",0.5526315789473685,0.5,0.5526315789473685,0.6578947368421053,0.5405405405405406,0.5607396870554766,0.05228365258234533,26
1.1207899570465087,0.05848200107753794,0.08586573600769043,0.005222500412409535,balanced,,0.5,5,300,"{'clf__class_weight': 'balanced', 'clf__max_depth': None, 'clf__max_features': 0.5, 'clf__min_samples_leaf': 5, 'clf__n_estimators': 300}",0.5526315789473685,0.5,0.5526315789473685,0.6052631578947368,0.5675675675675675,0.5556187766714082,0.03381902780931564,38
3.9140974998474123,0.4076223275399372,0.137391996383667,0.037260844145478006,balanced,,0.5,5,800,"{'clf__class_weight': 'balanced', 'clf__max_depth': None, 'clf__max_features': 0.5, 'clf__min_samples_leaf': 5, 'clf__n_estimators': 800}",0.5526315789473685,0.5526315789473685,0.5263157894736842,0.6052631578947368,0.5405405405405406,0.5554765291607398,0.026714521816004585,41
0.9556735992431641,0.021964616544151674,0.08555660247802735,0.003034272739852505,balanced,,0.5,8,300,"{'clf__class_weight': 'balanced', 'clf__max_depth': None, 'clf__max_features': 0.5, 'clf__min_samples_leaf': 8, 'clf__n_estimators': 300}",0.5263157894736842,0.5263157894736842,0.5,0.631578947368421,0.5675675675675675,0.5503556187766714,0.0460108583204416,52
3.953714370727539,0.12919054177693873,0.14943523406982423,0.023735144932189627,balanced,,0.5,8,800,"{'clf__class_weight': 'balanced', 'clf__max_depth': None, 'clf__max_features': 0.5, 'clf__min_samples_leaf': 8, 'clf__n_estimators': 800}",0.5526315789473685,0.5263157894736842,0.5263157894736842,0.6578947368421053,0.5675675675675675,0.566145092460882,0.048529130385536495,9
0.8292524337768554,0.2680817812716314,0.08315396308898926,0.025129905929515636,balanced,5,sqrt,1,300,"{'clf__class_weight': 'balanced', 'clf__max_depth': 5, 'clf__max_features': 'sqrt', 'clf__min_samples_leaf': 1, 'clf__n_estimators': 300}",0.5263157894736842,0.6052631578947368,0.5526315789473685,0.6052631578947368,0.4864864864864865,0.5551920341394025,0.04598930437246461,50
2.640834665298462,0.3821455279282019,0.14670777320861816,0.013099881431289892,balanced,5,sqrt,1,800,"{'clf__class_weight': 'balanced', 'clf__max_depth': 5, 'clf__max_features': 'sqrt', 'clf__min_samples_leaf': 1, 'clf__n_estimators': 800}",0.5263157894736842,0.5263157894736842,0.5526315789473685,0.631578947368421,0.4594594594594595,0.5392603129445235,0.05550642955393717,107
0.7915819644927978,0.044692179360335774,0.0621070384979248,0.0036853483343608252,balanced,5,sqrt,3,300,"{'clf__class_weight': 'balanced', 'clf__max_depth': 5, 'clf__max_features': 'sqrt', 'clf__min_samples_leaf': 3, 'clf__n_estimators': 300}",0.5263157894736842,0.5,0.5263157894736842,0.631578947368421,0.4594594594594595,0.5287339971550498,0.05694450527770947,137
1.6399591445922852,0.02338548948275854,0.12069292068481445,0.005673615944302437,balanced,5,sqrt,3,800,"{'clf__class_weight': 'balanced', 'clf__max_depth': 5, 'clf__max_features': 'sqrt', 'clf__min_samples_leaf': 3, 'clf__n_estimators': 800}",0.5263157894736842,0.5263157894736842,0.5263157894736842,0.631578947368421,0.4864864864864865,0.539402560455192,0.04860120968207708,102
0.6415931701660156,0.01205078700527025,0.07893877029418946,0.012107783971201385,balanced,5,sqrt,5,300,"{'clf__class_weight': 'balanced', 'clf__max_depth': 5, 'clf__max_features': 'sqrt', 'clf__min_samples_leaf': 5, 'clf__n_estimators': 300}",0.5,0.6052631578947368,0.5263157894736842,0.631578947368421,0.5135135135135135,0.555334281650071,0.052837626735140565,47
1.4264707088470459,0.056023147183378745,0.16036252975463866,0.006360231687847183,balanced,5,sqrt,5,800,"{'clf__class_weight': 'balanced', 'clf__max_depth': 5, 'clf__max_features': 'sqrt', 'clf__min_samples_leaf': 5, 'clf__n_estimators': 800}",0.5263157894736842,0.5526315789473685,0.5263157894736842,0.6578947368421053,0.5135135135135135,0.5553342816500711,0.0528376267351406,45
0.5784364223480225,0.043214620250405573,0.07830753326416015,0.004807887881838443,balanced,5,sqrt,8,300,"{'clf__class_weight': 'balanced', 'clf__max_depth': 5, 'clf__max_features': 'sqrt', 'clf__min_samples_leaf': 8, 'clf__n_estimators': 300}",0.5,0.5789473684210527,0.5789473684210527,0.6578947368421053,0.5135135135135135,0.5658605974395449,0.056374897703973796,20
1.4038216590881347,0.0958747039690911,0.16518831253051758,0.009463748610103071,balanced,5,sqrt,8,800,"{'clf__class_weight': 'balanced', 'clf__max_depth': 5, 'clf__max_features': 'sqrt', 'clf__min_samples_leaf': 8, 'clf__n_estimators': 800}",0.5263157894736842,0.5263157894736842,0.5789473684210527,0.631578947368421,0.5135135135135135,0.5553342816500711,0.04428080699641911,45
0.8424484252929687,0.01576801883488975,0.08193869590759277,0.007499808385062959,balanced,5,0.25,1,300,"{'clf__class_weight': 'balanced', 'clf__max_depth': 5, 'clf__max_features': 0.25, 'clf__min_samples_leaf': 1, 'clf__n_estimators': 300}",0.5526315789473685,0.5,0.5789473684210527,0.6052631578947368,0.4864864864864865,0.5446657183499288,0.04536647564442016,85
2.5497870445251465,0.07551794416278065,0.1650759220123291,0.004882463359364348,balanced,5,0.25,1,800,"{'clf__class_weight': 'balanced', 'clf__max_depth': 5, 'clf__max_features': 0.25, 'clf__min_samples_leaf': 1, 'clf__n_estimators': 800}",0.5526315789473685,0.5263157894736842,0.5263157894736842,0.631578947368421,0.5135135135135135,0.5500711237553342,0.0426970067362836,69
0.841585636138916,0.060353225384516734,0.08354249000549316,0.007349700266102617,balanced,5,0.25,3,300,"{'clf__class_weight': 'balanced', 'clf__max_depth': 5, 'clf__max_features': 0.25, 'clf__min_samples_leaf': 3, 'clf__n_estimators': 300}",0.5263157894736842,0.5526315789473685,0.5526315789473685,0.631578947368421,0.5675675675675675,0.566145092460882,0.035313499613875254,9
2.365342378616333,0.06608417878178897,0.17289867401123046,0.005233311521871811,balanced,5,0.25,3,800,"{'clf__class_weight': 'balanced', 'clf__max_depth': 5, 'clf__max_features': 0.25, 'clf__min_samples_leaf': 3, 'clf__n_estimators': 800}",0.5263157894736842,0.5263157894736842,0.5263157894736842,0.631578947368421,0.5675675675675675,0.5556187766714082,0.04120368020536369,38
0.8073968410491943,0.05582053288276631,0.08222398757934571,0.0067756783487622225,balanced,5,0.25,5,300,"{'clf__class_weight': 'balanced', 'clf__max_depth': 5, 'clf__max_features': 0.25, 'clf__min_samples_leaf': 5, 'clf__n_estimators': 300}",0.5526315789473685,0.5263157894736842,0.5,0.631578947368421,0.5405405405405406,0.5502133712660028,0.04429953820646456,61
2.2868912696838377,0.1216069193936572,0.1780947208404541,0.029105923243201354,balanced,5,0.25,5,800,"{'clf__class_weight': 'balanced', 'clf__max_depth': 5, 'clf__max_features': 0.25, 'clf__min_samples_leaf': 5, 'clf__n_estimators': 800}",0.5526315789473685,0.5,0.5526315789473685,0.6052631578947368,0.5405405405405406,0.5502133712660029,0.033636648979321525,59
0.7411688804626465,0.02510162966331126,0.0893125057220459,0.005696357009519808,balanced,5,0.25,8,300,"{'clf__class_weight': 'balanced', 'clf__max_depth': 5, 'clf__max_features': 0.25, 'clf__min_samples_leaf': 8, 'clf__n_estimators': 300}",0.5263157894736842,0.5263157894736842,0.5263157894736842,0.631578947368421,0.4864864864864865,0.539402560455192,0.04860120968207708,102
2.4067548274993897,0.12490680410914233,0.15887532234191895,0.04188219990749579,balanced,5,0.25,8,800,"{'clf__class_weight': 'balanced', 'clf__max_depth': 5, 'clf__max_features': 0.25, 'clf__min_samples_leaf': 8, 'clf__n_estimators': 800}",0.5526315789473685,0.5263157894736842,0.5526315789473685,0.631578947368421,0.5405405405405406,0.5607396870554766,0.03672245601950999,26
1.5088613986968995,0.04685353088255504,0.0913506031036377,0.009382258203116578,balanced,5,0.5,1,300,"{'clf__class_weight': 'balanced', 'clf__max_depth': 5, 'clf__max_features': 0.5, 'clf__min_samples_leaf': 1, 'clf__n_estimators': 300}",0.5526315789473685,0.5263157894736842,0.5263157894736842,0.5789473684210527,0.5405405405405406,0.5449502133712659,0.019640461558000828,74
4.230083847045899,0.13074326568692884,0.17563018798828126,0.009124526257251662,balanced,5,0.5,1,800,"{'clf__class_weight': 'balanced', 'clf__max_depth': 5, 'clf__max_features': 0.5, 'clf__min_samples_leaf': 1, 'clf__n_estimators': 800}",0.5526315789473685,0.5263157894736842,0.5526315789473685,0.6052631578947368,0.4864864864864865,0.5446657183499288,0.038782734456161705,85
1.4521657466888427,0.15185819023933064,0.08686103820800781,0.004998882535474893,balanced,5,0.5,3,300,"{'clf__class_weight': 'balanced', 'clf__max_depth': 5, 'clf__max_features': 0.5, 'clf__min_samples_leaf': 3, 'clf__n_estimators': 300}",0.5526315789473685,0.5,0.5789473684210527,0.6052631578947368,0.5675675675675675,0.5608819345661451,0.03497264330155997,22
4.027337217330933,0.1991285730526339,0.17983222007751465,0.01009200335409346,balanced,5,0.5,3,800,"{'clf__class_weight': 'balanced', 'clf__max_depth': 5, 'clf__max_features': 0.5, 'clf__min_samples_leaf': 3, 'clf__n_estimators': 800}",0.5526315789473685,0.5263157894736842,0.5526315789473685,0.631578947368421,0.5675675675675675,0.566145092460882,0.035313499613875254,9
1.4127593040466309,0.11464641058865817,0.08819494247436524,0.013413513713900333,balanced,5,0.5,5,300,"{'clf__class_weight': 'balanced', 'clf__max_depth': 5, 'clf__max_features': 0.5, 'clf__min_samples_leaf': 5, 'clf__n_estimators': 300}",0.5526315789473685,0.5,0.47368421052631576,0.6052631578947368,0.5675675675675675,0.5398293029871978,0.04727884430240754,89
3.566144847869873,0.11419262888533303,0.18014168739318848,0.01814191457254176,balanced,5,0.5,5,800,"{'clf__class_weight': 'balanced', 'clf__max_depth': 5, 'clf__max_features': 0.5, 'clf__min_samples_leaf': 5, 'clf__n_estimators': 800}",0.5526315789473685,0.5263157894736842,0.5526315789473685,0.6052631578947368,0.5675675675675675,0.5608819345661451,0.025866371198904815,22
1.2914787769317626,0.10187497527255505,0.08125362396240235,0.005133907828119584,balanced,5,0.5,8,300,"{'clf__class_weight': 'balanced', 'clf__max_depth': 5, 'clf__max_features': 0.5, 'clf__min_samples_leaf': 8, 'clf__n_estimators': 300}",0.5263157894736842,0.5,0.5263157894736842,0.631578947368421,0.5675675675675675,0.5503556187766714,0.0460108583204416,52
2.843717670440674,0.10406700607729155,0.16035017967224122,0.003439910393319639,balanced,5,0.5,8,800,"{'clf__class_weight': 'balanced', 'clf__max_depth': 5, 'clf__max_features': 0.5, 'clf__min_samples_leaf': 8, 'clf__n_estimators': 800}",0.5526315789473685,0.5263157894736842,0.5263157894736842,0.6578947368421053,0.5675675675675675,0.566145092460882,0.048529130385536495,9
0.7624695777893067,0.04199656599944132,0.08469438552856445,0.005813068580994048,balanced,10,sqrt,1,300,"{'clf__class_weight': 'balanced', 'clf__max_depth': 10, 'clf__max_features': 'sqrt', 'clf__min_samples_leaf': 1, 'clf__n_estimators': 300}",0.5526315789473685,0.6052631578947368,0.5263157894736842,0.6052631578947368,0.5405405405405406,0.5660028449502134,0.0331207681606892,16
1.767211389541626,0.027309664452671547,0.1507503032684326,0.014963731014139288,balanced,10,sqrt,1,800,"{'clf__class_weight': 'balanced', 'clf__max_depth': 10, 'clf__max_features': 'sqrt', 'clf__min_samples_leaf': 1, 'clf__n_estimators': 800}",0.5526315789473685,0.5263157894736842,0.5263157894736842,0.6052631578947368,0.4864864864864865,0.539402560455192,0.03912866790236158,102
0.6209733486175537,0.041928473623986356,0.07845401763916016,0.008093663792323916,balanced,10,sqrt,3,300,"{'clf__class_weight': 'balanced', 'clf__max_depth': 10, 'clf__max_features': 'sqrt', 'clf__min_samples_leaf': 3, 'clf__n_estimators': 300}",0.5263157894736842,0.5526315789473685,0.47368421052631576,0.6052631578947368,0.4864864864864865,0.5288762446657184,0.047431813334975266,132
1.6453344821929932,0.10747886450327215,0.14521312713623047,0.022623695943747926,balanced,10,sqrt,3,800,"{'clf__class_weight': 'balanced', 'clf__max_depth': 10, 'clf__max_features': 'sqrt', 'clf__min_samples_leaf': 3, 'clf__n_estimators': 800}",0.5263157894736842,0.5263157894736842,0.47368421052631576,0.631578947368421,0.5135135135135135,0.5342816500711238,0.052339352512113746,111
0.5625434398651123,0.03373046363505146,0.07409906387329102,0.007357914663445437,balanced,10,sqrt,5,300,"{'clf__class_weight': 'balanced', 'clf__max_depth': 10, 'clf__max_features': 'sqrt', 'clf__min_samples_leaf': 5, 'clf__n_estimators': 300}",0.5263157894736842,0.631578947368421,0.47368421052631576,0.6052631578947368,0.5135135135135135,0.5500711237553343,0.05903460210532542,64
1.6173928737640382,0.031200188616791996,0.1650562286376953,0.01661164543283453,balanced,10,sqrt,5,800,"{'clf__class_weight': 'balanced', 'clf__max_depth': 10, 'clf__max_features': 'sqrt', 'clf__min_samples_leaf': 5, 'clf__n_estimators': 800}",0.5263157894736842,0.5263157894736842,0.47368421052631576,0.631578947368421,0.5405405405405406,0.5396870554765292,0.05130069255436074,90
0.5967025756835938,0.038705193095705144,0.0728372573852539,0.011387597916894983,balanced,10,sqrt,8,300,"{'clf__class_weight': 'balanced', 'clf__max_depth': 10, 'clf__max_features': 'sqrt', 'clf__min_samples_leaf': 8, 'clf__n_estimators': 300}",0.5,0.6052631578947368,0.5789473684210527,0.6578947368421053,0.5405405405405406,0.576529160739687,0.05404394604899667,1
1.5044625759124757,0.13166852182784597,0.14970121383666993,0.0343521304592345,balanced,10,sqrt,8,800,"{'clf__class_weight': 'balanced', 'clf__max_depth': 10, 'clf__max_features': 'sqrt', 'clf__min_samples_leaf': 8, 'clf__n_estimators': 800}",0.5263157894736842,0.5263157894736842,0.5789473684210527,0.631578947368421,0.4864864864864865,0.5499288762446657,0.050296917509210955,70
1.0038922786712647,0.09008678342666043,0.07738475799560547,0.009941705064547281,balanced,10,0.25,1,300,"{'clf__class_weight': 'balanced', 'clf__max_depth': 10, 'clf__max_features': 0.25, 'clf__min_samples_leaf': 1, 'clf__n_estimators': 300}",0.5526315789473685,0.5263157894736842,0.47368421052631576,0.5789473684210527,0.5135135135135135,0.529018492176387,0.03566528351457145,124
3.3805134296417236,0.06166509822287501,0.18088316917419434,0.006862585997617804,balanced,10,0.25,1,800,"{'clf__class_weight': 'balanced', 'clf__max_depth': 10, 'clf__max_features': 0.25, 'clf__min_samples_leaf': 1, 'clf__n_estimators': 800}",0.5263157894736842,0.5,0.47368421052631576,0.5789473684210527,0.5135135135135135,0.5184921763869131,0.0349014058218643,143
1.04838285446167,0.07874582187917029,0.10300116539001465,0.04033503404150957,balanced,10,0.25,3,300,"{'clf__class_weight': 'balanced', 'clf__max_depth': 10, 'clf__max_features': 0.25, 'clf__min_samples_leaf': 3, 'clf__n_estimators': 300}",0.5263157894736842,0.47368421052631576,0.5,0.6052631578947368,0.5135135135135135,0.5237553342816501,0.044331500029965276,138
2.8008129596710205,0.05063979274285461,0.1709144115447998,0.012015613435266996,balanced,10,0.25,3,800,"{'clf__class_weight': 'balanced', 'clf__max_depth': 10, 'clf__max_features': 0.25, 'clf__min_samples_leaf': 3, 'clf__n_estimators': 800}",0.5526315789473685,0.5,0.5263157894736842,0.6052631578947368,0.5405405405405406,0.5449502133712659,0.03488226857529811,74
0.8529361724853516,0.06374884980450803,0.08476247787475585,0.0022352251586186655,balanced,10,0.25,5,300,"{'clf__class_weight': 'balanced', 'clf__max_depth': 10, 'clf__max_features': 0.25, 'clf__min_samples_leaf': 5, 'clf__n_estimators': 300}",0.5526315789473685,0.5263157894736842,0.5,0.6578947368421053,0.5135135135135135,0.5500711237553343,0.056639879373854486,64
2.2729115009307863,0.03790879233465356,0.1642148971557617,0.0028919074359200644,balanced,10,0.25,5,800,"{'clf__class_weight': 'balanced', 'clf__max_depth': 10, 'clf__max_features': 0.25, 'clf__min_samples_leaf': 5, 'clf__n_estimators': 800}",0.5526315789473685,0.5,0.5263157894736842,0.6052631578947368,0.5405405405405406,0.5449502133712659,0.03488226857529811,74
0.7087340354919434,0.042827074004625244,0.08026885986328125,0.005264436064766693,balanced,10,0.25,8,300,"{'clf__class_weight': 'balanced', 'clf__max_depth': 10, 'clf__max_features': 0.25, 'clf__min_samples_leaf': 8, 'clf__n_estimators': 300}",0.5526315789473685,0.5,0.5526315789473685,0.6052631578947368,0.4594594594594595,0.5339971550497867,0.04996999356590212,120
2.121966552734375,0.048914059946267394,0.18527026176452638,0.006104287336036498,balanced,10,0.25,8,800,"{'clf__class_weight': 'balanced', 'clf__max_depth': 10, 'clf__max_features': 0.25, 'clf__min_samples_leaf': 8, 'clf__n_estimators': 800}",0.5526315789473685,0.5263157894736842,0.5526315789473685,0.631578947368421,0.5405405405405406,0.5607396870554766,0.03672245601950999,26
1.5136456489562988,0.09220540456102345,0.08598074913024903,0.004999955600145084,balanced,10,0.5,1,300,"{'clf__class_weight': 'balanced', 'clf__max_depth': 10, 'clf__max_features': 0.5, 'clf__min_samples_leaf': 1, 'clf__n_estimators': 300}",0.5526315789473685,0.6052631578947368,0.4473684210526316,0.5789473684210527,0.4864864864864865,0.5341394025604551,0.05866567413253462,116
4.54669942855835,0.14205327378352123,0.1819322109222412,0.011140326368195048,balanced,10,0.5,1,800,"{'clf__class_weight': 'balanced', 'clf__max_depth': 10, 'clf__max_features': 0.5, 'clf__min_samples_leaf': 1, 'clf__n_estimators': 800}",0.5263157894736842,0.5526315789473685,0.5,0.5789473684210527,0.4864864864864865,0.5288762446657184,0.03378969776791009,132
1.326421594619751,0.10361706601055604,0.08758964538574218,0.004738236923319668,balanced,10,0.5,3,300,"{'clf__class_weight': 'balanced', 'clf__max_depth': 10, 'clf__max_features': 0.5, 'clf__min_samples_leaf': 3, 'clf__n_estimators': 300}",0.5526315789473685,0.5263157894736842,0.5,0.631578947368421,0.5405405405405406,0.5502133712660028,0.04429953820646456,61
3.7264413356781008,0.03996582619450993,0.17991924285888672,0.00711934548257532,balanced,10,0.5,3,800,"{'clf__class_weight': 'balanced', 'clf__max_depth': 10, 'clf__max_features': 0.5, 'clf__min_samples_leaf': 3, 'clf__n_estimators': 800}",0.5526315789473685,0.5263157894736842,0.5526315789473685,0.6578947368421053,0.5405405405405406,0.5660028449502134,0.0469576247754436,16
1.1879279613494873,0.056022144788327025,0.0860140323638916,0.00316870297002869,balanced,10,0.5,5,300,"{'clf__class_weight': 'balanced', 'clf__max_depth': 10, 'clf__max_features': 0.5, 'clf__min_samples_leaf': 5, 'clf__n_estimators': 300}",0.5526315789473685,0.5,0.5526315789473685,0.6052631578947368,0.5675675675675675,0.5556187766714082,0.03381902780931564,38
2.916724967956543,0.10448875215047716,0.1724153995513916,0.0026990104650306797,balanced,10,0.5,5,800,"{'clf__class_weight': 'balanced', 'clf__max_depth': 10, 'clf__max_features': 0.5, 'clf__min_samples_leaf': 5, 'clf__n_estimators': 800}",0.5526315789473685,0.5526315789473685,0.5263157894736842,0.6052631578947368,0.5405405405405406,0.5554765291607398,0.026714521816004585,41
0.9922631740570068,0.021619930876688977,0.08622851371765136,0.006020453068037599,balanced,10,0.5,8,300,"{'clf__class_weight': 'balanced', 'clf__max_depth': 10, 'clf__max_features': 0.5, 'clf__min_samples_leaf': 8, 'clf__n_estimators': 300}",0.5263157894736842,0.5263157894736842,0.5,0.631578947368421,0.5675675675675675,0.5503556187766714,0.0460108583204416,52
2.0577546119689942,0.1554716536446456,0.10183978080749512,0.019287822859816395,balanced,10,0.5,8,800,"{'clf__class_weight': 'balanced', 'clf__max_depth': 10, 'clf__max_features': 0.5, 'clf__min_samples_leaf': 8, 'clf__n_estimators': 800}",0.5526315789473685,0.5263157894736842,0.5263157894736842,0.6578947368421053,0.5675675675675675,0.566145092460882,0.048529130385536495,9
